user_id,username,link_karma,comment_karma,created,verified,submissions,comments
dy4s9,ThetaReactor,3452,98685,102649,16/11/13,True,47,1000
dy4s9,ThetaReactor,3452,98685,102649,16/11/13,True,47,1000
9jxil,chrisjfinlay,26097,93656,120057,09/11/12,True,940,1000
1ikid2q9,CyGuy6587,33270,76689,110252,05/06/18,True,304,1000
n0b8k6a19,SupplyChainMismanage,2693,82245,84938,01/11/23,True,7,1000
ilgd6,res30stupid,105618,460061,568517,27/09/14,True,999,1000
119u8i,jpers36,1441,50476,52552,08/09/16,True,88,1000
rj4wx,anomalyraven,327,22231,22789,28/10/15,True,3,1000
8y2ng,bigbysemotivefinger,20125,170660,192279,08/09/12,True,379,987
2wl0m0ml,Nomi_0071,12,126,566,02/01/19,True,6,159
w8s1n,SirTheadore,32004,216536,254911,07/03/16,True,417,1000
s5a2ivznw,DirtGuzzler,123,69,192,15/01/24,True,22,81
8y2ng,bigbysemotivefinger,20125,170660,192279,08/09/12,True,379,987
nlj1r,Paralta,11049,166484,178474,21/05/15,True,106,998
5kd1k09j,Schnorrk,12,1067,1079,15/05/20,True,7,252
w7imy,codehawk64,4845,34652,40654,07/03/16,True,69,1000
jbo3qkf,-wnr-,23584,229932,254416,31/10/17,True,125,1000
3zgpxni0,Kimm_Orwente,334,310,657,27/06/19,True,23,203
6l4z3,AutoModerator,1000,1000,2484684,05/01/12,True,859,924
6l4z3,AutoModerator,1000,1000,2484684,05/01/12,True,867,928
6l4z3,AutoModerator,1000,1000,2484684,05/01/12,True,867,918
6l4z3,AutoModerator,1000,1000,2484684,05/01/12,True,875,927
6l4z3,AutoModerator,1000,1000,2484684,05/01/12,True,875,922
6l4z3,AutoModerator,1000,1000,2484684,05/01/12,True,875,922
4sk81sqg,profanitycounter,1186,189240,193214,13/10/19,True,29,994
4sk81sqg,profanitycounter,1186,189240,193214,13/10/19,True,29,994
6l4z3,AutoModerator,1000,1000,2484684,05/01/12,True,883,924
4sk81sqg,profanitycounter,1186,189240,193214,13/10/19,True,29,994
6l4z3,AutoModerator,1000,1000,2484684,05/01/12,True,900,915
4sk81sqg,profanitycounter,1186,189240,193214,13/10/19,True,29,994
6l4z3,AutoModerator,1000,1000,2484684,05/01/12,True,893,915
4sk81sqg,profanitycounter,1186,189240,193214,13/10/19,True,29,994
6l4z3,AutoModerator,1000,1000,2484684,05/01/12,True,904,926
6l4z3,AutoModerator,1000,1000,2484684,05/01/12,True,904,936
6l4z3,AutoModerator,1000,1000,2484684,05/01/12,True,871,949
6l4z3,AutoModerator,1000,1000,2484684,05/01/12,True,871,944
4sk81sqg,profanitycounter,1186,189240,193214,13/10/19,True,29,994
q6u0m9ch,title-to-image-bot,11,38,49,18/07/22,True,4,10
q6u0m9ch,title-to-image-bot,11,38,49,18/07/22,True,4,10
q6u0m9ch,title-to-image-bot,11,38,49,18/07/22,True,4,10
elznf,Brigade_Bot,1,15,16,01/01/14,True,1,21
e896l,PokemonFlairBot,5,112,117,06/12/13,True,56,579
eji0o,IAgreeBot,1,84,85,27/12/13,True,1,54
dgcgz,Wiki_Bot,1,3050,3051,09/10/13,True,1,791
eubk2,imgurHostBot,1,518,519,16/01/14,True,0,153
espzz,IsItDownBot,1,236,237,13/01/14,True,2,372
rxbrl,metlson,242,8352,8608,10/11/15,True,28,994
5vxb5,Adeno,95415,86136,191158,19/09/11,True,859,1000
5vxb5,Adeno,95415,86136,191158,19/09/11,True,859,1000
vnwr0tl4w,johnrsmith8032,1,2746,2747,06/03/24,True,0,177
1bi8lv8t,CreateorWither,2104,83131,85792,26/08/18,True,71,1000
wxh85,Kerboviet_Union,1151,33729,35453,06/04/16,True,15,999
5fhx6,bindiboi,48,3026,3074,26/06/11,True,20,612
kvrhc,No_Tamanegi,32870,350899,385878,22/01/15,True,281,1000
r4c8uxre,Gradgar,3,1142,1145,08/08/22,True,6,469
1i2jsk4k,Czarcastic013,190,7454,7754,03/06/18,True,12,491
2ubfg3ob,itstytar,53,162,215,22/12/18,True,23,75
u95wl727,TeddyTuffington,5,21543,21566,28/11/22,True,3,1000
tdj9cwox,Kycomputer87,4,394,398,20/10/22,True,3,81
2srpo7s5,Sirius---,10198,7313,17874,16/12/18,True,119,643
2srpo7s5,Sirius---,10198,7313,17874,16/12/18,True,119,643
pcla6bf,xSelbor,3668,37981,41855,23/12/17,True,120,994
2srpo7s5,Sirius---,10198,7313,17874,16/12/18,True,119,643
2srpo7s5,Sirius---,10198,7313,17874,16/12/18,True,119,643
2srpo7s5,Sirius---,10198,7313,17874,16/12/18,True,119,643
2srpo7s5,Sirius---,10198,7313,17874,16/12/18,True,119,643
2srpo7s5,Sirius---,10198,7313,17874,16/12/18,True,119,643
2srpo7s5,Sirius---,10198,7313,17874,16/12/18,True,119,643
py1w1pgdd,Moderatehello,81,11211,11292,14/12/23,True,12,343
1bi8lv8t,CreateorWither,2104,83132,85793,26/08/18,True,71,1000
r4c8uxre,Gradgar,3,1142,1145,08/08/22,True,6,469
u95wl727,TeddyTuffington,5,21543,21566,28/11/22,True,3,1000
2srpo7s5,Sirius---,10198,7315,17876,16/12/18,True,119,643
4yzrwqii5,scakboey,13827,27137,40974,11/02/23,True,317,999
142cf437,cwx149,10068,66440,76906,29/03/18,True,184,1000
n0b8k6a19,SupplyChainMismanage,2693,84561,87254,01/11/23,True,7,1000
urery5a25,beckycutiee,1994,38,2032,22/02/24,True,29,39
7vvutl17,Psychological-Ad8715,3368,31,3399,28/08/20,True,23,18
9l68pu7,qlurp,666,12406,13117,06/08/17,True,1,999
srpkke2iz,DeusExCaliber,1705,562,2267,02/02/24,True,42,1000
amv1dha1,DrMcnasty4300,3762,37952,42003,09/03/21,True,137,1000
n0b8k6a19,SupplyChainMismanage,2693,84561,87254,01/11/23,True,7,1000
amv1dha1,DrMcnasty4300,3762,37952,42003,09/03/21,True,137,1000
amv1dha1,DrMcnasty4300,3762,37952,42003,09/03/21,True,137,1000
n0b8k6a19,SupplyChainMismanage,2693,84561,87254,01/11/23,True,7,1000
srpkke2iz,DeusExCaliber,1705,562,2267,02/02/24,True,42,1000
srpkke2iz,DeusExCaliber,1705,562,2267,02/02/24,True,42,1000
n0b8k6a19,SupplyChainMismanage,2693,84561,87254,01/11/23,True,7,1000
n0b8k6a19,SupplyChainMismanage,2693,84561,87254,01/11/23,True,7,1000
srpkke2iz,DeusExCaliber,1705,562,2267,02/02/24,True,42,1000
n0b8k6a19,SupplyChainMismanage,2693,84561,87254,01/11/23,True,7,1000
srpkke2iz,DeusExCaliber,1705,562,2267,02/02/24,True,42,1000
n0b8k6a19,SupplyChainMismanage,2693,84561,87254,01/11/23,True,7,1000
srpkke2iz,DeusExCaliber,1705,562,2267,02/02/24,True,42,1000
n0b8k6a19,SupplyChainMismanage,2693,84561,87254,01/11/23,True,7,1000
srpkke2iz,DeusExCaliber,1705,562,2267,02/02/24,True,42,1000
n0b8k6a19,SupplyChainMismanage,2693,84561,87254,01/11/23,True,7,1000
srpkke2iz,DeusExCaliber,1705,562,2267,02/02/24,True,42,1000
n0b8k6a19,SupplyChainMismanage,2693,84561,87254,01/11/23,True,7,1000
srpkke2iz,DeusExCaliber,1705,562,2267,02/02/24,True,42,1000
n0b8k6a19,SupplyChainMismanage,2693,84561,87254,01/11/23,True,7,1000
srpkke2iz,DeusExCaliber,1705,562,2267,02/02/24,True,42,1000
amax0u4w1,wejunkin,1107,32043,33150,04/05/23,True,13,1000
8f1aq,koolaidkirby,1565,30740,32450,22/07/12,True,8,1000
77a5e,LordMacabre,86,14037,14123,18/03/12,True,5,1000
o5ynd9fmo,TheImmersiveSim,860,-22,838,01/12/23,True,8,261
az4hs,imjustamazing,83,39631,39720,17/03/13,True,33,1000
iopa4,kynthrus,147,280764,282457,03/10/14,True,12,1000
67fonvff,mindfulskeptic420,202,37679,38595,13/04/20,True,26,1000
eciwmpu,sho-ma,1,1,2,07/04/18,True,3,5
4fvsdo0n,OpsikionThemed,25957,169336,196361,24/08/19,True,189,1000
7e8j4azt,Elliot40404,417,2301,2866,04/08/20,True,75,676
6mkkz,nuclear_splines,850,17248,18332,10/01/12,True,23,1000
45m7k,myhf,45809,109376,156770,01/07/10,True,212,999
c4f97,strakerak,9890,35119,45527,22/06/13,True,418,1000
6l4z3,AutoModerator,1000,1000,2484684,05/01/12,True,863,960
4fvsdo0n,OpsikionThemed,25957,169336,196361,24/08/19,True,189,1000
7e8j4azt,Elliot40404,417,2301,2866,04/08/20,True,75,676
6mkkz,nuclear_splines,850,17248,18332,10/01/12,True,23,1000
45m7k,myhf,45809,109376,156770,01/07/10,True,212,999
c4f97,strakerak,9890,35119,45527,22/06/13,True,418,1000
4m1fy9pl,TrapNT,4901,13100,18825,15/08/20,True,83,997
3d5ikk19,L_e_on_,37,4573,4687,09/03/19,True,3,473
51bo3d3i,log_e,7,590,597,17/11/19,True,14,74
127e9xpt,redikarus99,546,52024,52838,12/07/18,True,59,1000
6mkkz,nuclear_splines,850,17248,18332,10/01/12,True,23,1000
oce2k,itijara,1695,215935,218574,25/06/15,True,52,1000
b4zkc8pe,Knut_Knoblauch,18140,17543,38837,13/05/21,True,854,997
kz0k45nvl,Computer-Nerd_,1,25,26,05/11/23,True,0,20
oudi45g0b,Electrical_Jelly_547,1,94,95,28/11/23,True,0,104
rk35d,ArtSpeaker,2,14066,14238,29/10/15,True,1,749
lbp56,BillDStrong,209,11041,11424,12/02/15,True,23,1000
tzd4sy9ez,LebronBackinCLE,1,755,756,11/02/24,True,3,237
73iw1mpc,ColdbrewRedeye,5278,33981,39823,15/10/20,True,149,1000
56uhhk,the_y_combinator,3888,83471,87526,08/05/17,True,36,1000
bxzfw,zerocnc,23,10791,10898,06/06/13,True,5,1000
h9tpmik30,high_throughput,369,54704,55123,09/08/23,True,8,1000
oce2k,itijara,1695,215935,218574,25/06/15,True,52,1000
4r4hn,Mishtle,737,54225,55619,21/01/11,True,74,1000
cd9nt,currentscurrents,25904,256035,282600,13/07/13,True,371,1000
11lnnz,Der_Ist,309863,4376,323291,22/09/16,True,994,999
h1ce14y,Scrungo__Beepis,328,4738,5090,11/10/17,True,18,647
cd9nt,currentscurrents,25904,256035,282600,13/07/13,True,371,1000
upi0dsx,o4ub,5521,14341,20338,01/08/18,True,29,999
56uhhk,the_y_combinator,3888,83471,87526,08/05/17,True,36,1000
oce2k,itijara,1695,215935,218574,25/06/15,True,52,1000
dvivj,jansencheng,12664,351146,364221,11/11/13,True,174,999
oce2k,itijara,1695,215935,218574,25/06/15,True,52,1000
upi0dsx,o4ub,5521,14341,20338,01/08/18,True,29,999
cd9nt,currentscurrents,25904,256035,282600,13/07/13,True,371,1000
cd9nt,currentscurrents,25904,256035,282600,13/07/13,True,371,1000
oce2k,itijara,1695,215935,218574,25/06/15,True,52,1000
dvivj,jansencheng,12664,351146,364221,11/11/13,True,174,999
cd9nt,currentscurrents,25904,256035,282600,13/07/13,True,371,1000
cd9nt,currentscurrents,25904,256035,282600,13/07/13,True,371,1000
oce2k,itijara,1695,215935,218574,25/06/15,True,52,1000
cd9nt,currentscurrents,25904,256035,282600,13/07/13,True,371,1000
d06xmmtdb,DreamOfHappiness,1,42,43,08/06/23,True,4,37
59oa9y10,pd01,8,320,328,20/12/19,True,6,114
so6469kxb,AfterAssociation6041,258,1981,2239,23/01/24,True,10,698
61b8b,claytonkb,483,19878,21102,13/10/11,True,923,1000
3gt8c,pab_guy,58,139300,140228,01/05/09,True,6,1000
hej7q,needaname1234,3205,11674,15000,14/07/14,True,200,1000
vif7z77f,lkeatron,1,72,73,11/01/23,True,3,102
h146olr1n,lauurreen,372,1072,1459,06/08/23,True,8,86
6crrj,Revolutionalredstone,742,16056,16967,01/12/11,True,36,995
9xrf8qnp,ChicksWithBricksCome,2020,92269,98738,22/01/21,True,38,1000
159jdr,throwawayPzaFm,7,31177,31613,10/02/17,True,3,996
14r9qu,finn-the-rabbit,7358,4333,12745,24/01/17,True,41,955
cd9nt,currentscurrents,25904,256036,282601,13/07/13,True,371,1000
og6plgdc,etTuPlutus,1,77,78,16/11/22,True,0,17
9xrf8qnp,ChicksWithBricksCome,2020,92269,98738,22/01/21,True,38,1000
61b8b,claytonkb,483,19878,21102,13/10/11,True,923,1000
61b8b,claytonkb,483,19878,21102,13/10/11,True,923,1000
5n9di6fq,skirtlz,136,711,963,23/02/20,True,33,317
6crrj,Revolutionalredstone,742,16056,16967,01/12/11,True,36,995
6crrj,Revolutionalredstone,742,16056,16967,01/12/11,True,36,995
9xrf8qnp,ChicksWithBricksCome,2020,92270,98739,22/01/21,True,38,1000
6crrj,Revolutionalredstone,742,16056,16967,01/12/11,True,36,995
n0aht,Cryptizard,231,78013,79179,19/04/15,True,16,1000
7dd9uql0,AdFun5641,1,12248,12359,22/07/20,True,0,993
7q1iw,Thedjdj,5936,40447,46471,15/05/12,True,47,1000
kz0k45nvl,Computer-Nerd_,1,25,26,05/11/23,True,0,20
qvmkfyhil,BubblyMcnutty,1930,1830,3760,28/12/23,True,59,359
avh5ie6o,accountreddit12321,1,278,279,19/09/21,True,1,522
tufqg348x,Ambitious_Hyena1945,1,-2,-1,09/02/24,True,1,6
zw1jg,Minnieal28,7,317,324,28/07/16,True,4,379
he0gw39rg,PixelPilgrim8,73,15,88,11/08/23,True,4,18
373gao77,BadShotXYZ,15,184,199,10/02/19,True,3,138
76e18uqf,Affectionate-Memory4,4492,116871,122173,06/07/20,True,154,1000
oce2k,itijara,1695,215935,218574,25/06/15,True,52,1000
n0aht,Cryptizard,231,78012,79178,19/04/15,True,16,1000
6l4z3,AutoModerator,1000,1000,2484684,05/01/12,True,863,962
4sk81sqg,profanitycounter,1186,189240,193214,13/10/19,True,29,994
ej1gmk6x,SittingWave,36,8438,8671,14/09/21,True,9,1000
3wmnq,the_hoser,112,152865,153261,24/02/10,True,24,1000
1688we,modlogs,1,0,1,16/03/17,True,0,0
1688we,modlogs,1,0,1,16/03/17,True,0,0
6l4z3,AutoModerator,1000,1000,2484684,05/01/12,True,926,903
1688we,modlogs,1,0,1,16/03/17,True,0,0
4hvv4,Hollywoodbnd86,5570,8725,14323,05/11/10,True,433,996
6l4z3,AutoModerator,1000,1000,2484684,05/01/12,True,944,918
c9tri,HCE_Replacement_Bot,1,-100,-68,05/07/13,True,1,1000
exlng,Kevin_Garnett_Bot,1,1,2,22/01/14,True,0,3
c74tl,Rangers_Bot,16288,78,16616,28/06/13,True,1000,152
dq9cc,DropBox_Bot,1,7555,7556,31/10/13,True,2,958
bv54r,Website_Mirror_Bot,1,122950,122951,30/05/13,True,0,946
ezilt,Metric_System_Bot,1,453,454,26/01/14,True,0,249
5f33w,dsethlewis,810,2969,3779,23/06/11,True,44,911
6l4z3,AutoModerator,1000,1000,2484684,05/01/12,True,931,935
6l4z3,AutoModerator,1000,1000,2484684,05/01/12,True,931,944
6l4z3,AutoModerator,1000,1000,2484684,05/01/12,True,931,918
1wha,Konquest,1168,7534,8741,30/08/05,True,65,577
pu16yix,querymcsearchface,67,1237,1757,13/12/18,True,11,385
g532u,iEslam,24593,4872,30619,15/04/14,True,95,449
42oxfrdo,cogFrog,554,11369,12078,30/08/19,True,21,995
x6rfvlxl8,Euphoric-File-3520,1,88,89,29/03/24,True,1,48
y07nwlq9a,cosmic-001,1,220,221,10/04/24,True,0,142
wv9w6dn3k,Low-Refrigerator5415,1,192,193,24/03/24,True,8,67
njdk1,ZaDu25,2388,265379,271641,18/05/15,True,77,1000
81jlm,lxnch50,17149,73294,91401,18/06/12,True,196,1000
po9qmz68a,STFU-Sanguinet,5325,11963,17288,10/12/23,True,31,920
2xt7hyxy,Hexpionx,148,48,196,19/06/19,True,33,69
fy6gala2o,IDontKnow9086,23768,84852,108635,21/07/23,True,63,1000
azz6umfi,axyz4,1,868,869,18/03/21,True,0,39
40lpjko2,Accomplished_River90,733,6442,8474,01/08/20,True,16,851
x88cfi8tm,Clara7-Br1,604,43,647,29/03/24,True,2,81
6iat12ny,No-Storage2900,1,1141,1142,30/07/23,True,0,217
o9itq86e,Jimboy-Milton,436,9855,10291,18/10/23,True,7,999
jky59,ChurchillianGrooves,3786,89641,93482,24/11/14,True,70,1000
56p29npw,dandoch,175,16785,16990,08/12/19,True,41,1000
kkf99,aurelius181,90,7961,8582,07/01/15,True,3,466
8bm46wpg,wannabe_inuit,202,57563,57855,31/10/20,True,14,992
wzpry3p6z,hoopsy-daisy,22,4067,4089,26/03/24,True,1,124
gtumyls8c,69WaysToFuck,321,16655,16976,03/08/23,True,2,1000
65cjy2e2,jblobbbb,59,186,245,04/09/21,True,1,57
3dlj1xdh,pakidara,4220,225339,232504,29/08/19,True,178,1000
xl99t,cephal0poid,10222,106279,118691,30/04/16,True,136,1000
i8jsl8zs1,Stasiss_462,1,1035,1036,10/02/24,True,0,217
25q0ljse,Quitthesht,61482,180623,245324,24/01/19,True,281,1000
4huy2,Rebelgecko,14205,382114,399582,05/11/10,True,185,999
48rwxq8f,mack-_-zorris,2444,21042,23763,27/07/19,True,60,1000
74cwmwmkx,Chrodesk,591,37025,37646,27/04/23,True,89,1000
oofvr2g,p4ttl1992,3578,76742,80777,17/12/17,True,11,1000
y23454kzk,Skuzbagg,1,136,137,10/04/24,True,0,4
moal3tvl9,mid_vibrations,3417,45739,49156,08/02/24,True,69,1000
pc1z7,Humanoidfromagalaxy,1,3645,3646,05/08/15,True,2,687
y4cormsek,Chance-Clue864,6,1,7,11/04/24,True,1,10
ef496yq0,inabsentia17,1,3666,3667,08/09/21,True,0,125
973z0gi1,ZazaB00,7626,201593,209847,16/07/21,True,82,1000
aqj9cbs4,dattosan240,21,6000,6021,21/06/21,True,5,933
jdi9kauh,pplazzz,14877,34710,49631,05/02/22,True,69,954
njdk1,ZaDu25,2388,265380,271642,18/05/15,True,77,1000
8d4kx,khainiwest,723,15181,16335,17/07/12,True,110,1000
ptn6f,Bichslapin,687,7641,8376,24/08/15,True,62,989
utzp0lhkx,Background_MilkGlass,63,2470,2533,23/02/24,True,2,258
ptn6f,Bichslapin,687,7641,8376,24/08/15,True,62,989
mo19a,Tigui2000,1166,3244,4450,02/04/15,True,9,521
ptn6f,Bichslapin,688,7641,8377,24/08/15,True,62,989
ptn6f,Bichslapin,688,7641,8377,24/08/15,True,62,989
ptn6f,Bichslapin,688,7641,8377,24/08/15,True,62,989
ptn6f,Bichslapin,688,7641,8377,24/08/15,True,62,989
ptn6f,Bichslapin,688,7641,8377,24/08/15,True,62,989
twvt88cl,dfddfsaadaafdssa,1,14264,14635,02/11/22,True,0,23
o9itq86e,Jimboy-Milton,437,9858,10295,18/10/23,True,7,999
w9pa6,THE_DANDY_LI0N,281,18239,18650,08/03/16,True,19,1000
jky59,ChurchillianGrooves,3786,89643,93484,24/11/14,True,70,1000
297aur53,ColossalGrub,919,20604,22512,16/11/18,True,7,996
3uhdcqnf,Daahk,185,25193,25536,28/05/19,True,9,1000
c1az2,MrShadowHero,7628,22432,30112,14/06/13,True,464,1000
d6iea,Cutter9792,4303,85628,91240,16/09/13,True,179,1000
utzp0lhkx,Background_MilkGlass,63,2473,2536,23/02/24,True,2,258
ptn6f,Bichslapin,688,7641,8377,24/08/15,True,62,989
ak16w,BrandoCalrissian1995,544,251779,253024,11/02/13,True,116,1000
y1hqm,Hevensarmada,301,11924,12274,18/05/16,True,46,896
hh7h4m23x,AGE-OF-ASH,1,4193,4194,12/08/23,True,1,560
p5l4do3,Epoch_of_Australia,471,8202,10115,02/01/21,True,63,852
6h1jjlj2,OceanRadioGuy,10488,24802,35865,14/05/20,True,61,351
dqzn8j7ep,Shmimbadad,207,36643,36858,19/06/23,True,30,1000
xyrjzrtbk,SeaaYouth,1,44,45,09/04/24,True,0,10
c9tri,HCE_Replacement_Bot,1,-100,-68,05/07/13,True,1,1000
exlng,Kevin_Garnett_Bot,1,1,2,22/01/14,True,0,3
c74tl,Rangers_Bot,16300,78,16628,28/06/13,True,1000,152
dq9cc,DropBox_Bot,1,7555,7556,31/10/13,True,2,958
c9tri,HCE_Replacement_Bot,1,-100,-68,05/07/13,True,1,1000
exlng,Kevin_Garnett_Bot,1,1,2,22/01/14,True,0,3
c74tl,Rangers_Bot,16300,78,16628,28/06/13,True,1000,152
dq9cc,DropBox_Bot,1,7555,7556,31/10/13,True,2,958
bv54r,Website_Mirror_Bot,1,122950,122951,30/05/13,True,0,946
ezilt,Metric_System_Bot,1,453,454,26/01/14,True,0,249
exg2f,Fedora-Tip-Bot,387,8625,9012,22/01/14,True,35,996
bxooo,Some_Bot,10,213,223,05/06/13,True,3,1000
elznf,Brigade_Bot,1,15,16,01/01/14,True,1,21
bdm84,Porygon-Bot,11820,1673,14877,19/04/13,True,1000,1000
7v23k,KarmaConspiracy_Bot,1,15608,15609,31/05/12,True,0,1000
coucn,SWTOR_Helper_Bot,1139,336,1475,09/08/13,True,560,1000
ex1lp,wtf_content_bot,1,12,13,21/01/14,True,0,18
ezdsg,Insane_Photo_Bot,1,14,15,26/01/14,True,0,3
ewe6i,Antiracism_Bot,1,312,313,20/01/14,True,0,116
ex7ry,qznc_bot,174837,2553,177410,22/01/14,True,1000,1000
dvd84,mma_gif_bot,1,2211,2212,11/11/13,True,0,1000
en1p2,QUICHE-BOT,1,102,103,03/01/14,True,0,274
ev4tb,bRMT_Bot,1,146,147,18/01/14,True,0,635
c9tri,HCE_Replacement_Bot,1,-100,-68,05/07/13,True,1,1000
exlng,Kevin_Garnett_Bot,1,1,2,22/01/14,True,0,3
c9tri,HCE_Replacement_Bot,1,-100,-68,05/07/13,True,1,999
exlng,Kevin_Garnett_Bot,1,1,2,22/01/14,True,0,3
c74tl,Rangers_Bot,16300,78,16628,28/06/13,True,1000,152
dq9cc,DropBox_Bot,1,7555,7556,31/10/13,True,2,958
bv54r,Website_Mirror_Bot,1,122950,122951,30/05/13,True,0,946
ezilt,Metric_System_Bot,1,453,454,26/01/14,True,0,249
exg2f,Fedora-Tip-Bot,387,8625,9012,22/01/14,True,35,996
bxooo,Some_Bot,10,213,223,05/06/13,True,3,1000
elznf,Brigade_Bot,1,15,16,01/01/14,True,1,21
bdm84,Porygon-Bot,11820,1673,14877,19/04/13,True,1000,1000
7v23k,KarmaConspiracy_Bot,1,15608,15609,31/05/12,True,0,1000
coucn,SWTOR_Helper_Bot,1139,336,1475,09/08/13,True,560,1000
ex1lp,wtf_content_bot,1,12,13,21/01/14,True,0,18
ezdsg,Insane_Photo_Bot,1,14,15,26/01/14,True,0,3
ewe6i,Antiracism_Bot,1,312,313,20/01/14,True,0,116
ex7ry,qznc_bot,174837,2553,177410,22/01/14,True,1000,1000
dvd84,mma_gif_bot,1,2211,2212,11/11/13,True,0,1000
en1p2,QUICHE-BOT,1,102,103,03/01/14,True,0,274
ev4tb,bRMT_Bot,1,146,147,18/01/14,True,0,635
e8bil,hockey_gif_bot,1,3296,3297,06/12/13,True,0,1000
dvcyb,nba_gif_bot,1,4234,4235,11/11/13,True,1,1000
ergat,gifster_bot,1,6,7,11/01/14,True,0,17
czb0g,imirror_bot,1,5507,5508,02/09/13,True,0,564
c3ptk,okc_rating_bot,2522,2961,5483,20/06/13,True,17,1000
ewqle,tennis_gif_bot,1,137,138,21/01/14,True,0,145
e895x,nfl_gif_bot,1,403,404,06/12/13,True,0,588
ewcjm,CPTModBot,1,16,17,20/01/14,True,0,1000
d0tgm,LocationBot,3827,374063,378699,05/09/13,True,4,1000
dv6a9,FriendSafariBot,5,18,180,11/11/13,True,3,0
bp36c,WritingPromptsBot,24,700,724,16/05/13,True,1,1000
etq1g,CreepierSmileBot,13,2139,2152,15/01/14,False,3,968
eji0o,IAgreeBot,1,84,85,27/12/13,True,1,54
ew1ad,HockeyGT_Bot,188,13838,14026,20/01/14,True,38,417
dunix,soccer_gif_bot,1,12926,12927,10/11/13,True,1,1000
ec5mf,gunners_gif_bot,1,502,503,13/12/13,True,0,256
eww5t,xkcd_number_bot,1,2,3,21/01/14,True,0,2
ezz74,GWHistoryBot,18,8855,8873,27/01/14,True,14,1000
e896l,PokemonFlairBot,5,112,117,06/12/13,True,56,579
abnkz,ChristianityBot,280,777,1057,22/01/13,True,0,38
7fopa,cRedditBot,1,882,883,12/04/12,True,0,0
d4gao,StreetFightMirrorBot,3,658,661,12/09/13,True,0,140
ez686,FedoraTipAutoBot,1,42,43,25/01/14,True,2,72
eptpe,UnobtaniumTipBot,1,1,2,08/01/14,True,2,15
6yuzt,astro-bot,1454,13458,14912,19/02/12,True,9,989
eysio,TipMoonBot,52,149,201,24/01/14,True,5,997
agckg,PlaylisterBot,942,79784,80726,02/02/13,True,1000,1000
dgcgz,Wiki_Bot,1,3050,3051,09/10/13,True,1,791
e8sbs,fedora_tip_bot,5,19407,19412,07/12/13,True,0,934
emzaf,GunnersGifsBot,264,159,423,03/01/14,True,198,374
epesu,PGN-Bot,30,839,882,07/01/14,True,1,990
8yf38,GunnitBot,1,18933,18934,09/09/12,True,0,1000
c2mx8,havoc_bot,400500,2843,403379,17/06/13,True,50,48
ezs89,Relevant_News_Bot,8,112,120,26/01/14,True,4,8
eg62g,RealtechPostBot,82796,898,83694,20/12/13,True,1000,1000
eubk2,imgurHostBot,1,518,519,16/01/14,True,0,153
ehoo9,Gatherer_bot,5,421,426,23/12/13,True,0,252
ap4fp,DeltaBot,5147,34360,39865,22/02/13,True,1000,1000
eor45,Nazeem_Bot,1,57,58,06/01/14,True,0,14
cyuq2,PhoenixBot,236,42,278,01/09/13,True,0,1000
8h07g,AtheismModBot,10290,831,11121,27/07/12,True,0,0
espzz,IsItDownBot,1,236,237,13/01/14,True,2,372
84ylx,RFootballBot,5,4,9,26/06/12,True,4,490
emrzh,KSPortBot,1,270,271,03/01/14,True,0,155
do244,Makes_Small_Text_Bot,1,9147,9148,27/10/13,True,1,945
e4qti,CompileBot,14,32144,32158,30/11/13,True,1,556
c1j0v,SakuraiBot,242349,39335,281684,14/06/13,True,581,625
779qw,asmrspambot,1,243,244,18/03/12,True,1,1000
dcmf6,SurveyOfRedditBot,2,257,259,01/10/13,True,0,0
ef7u9,RfreebandzBOT,17,-1,16,18/12/13,True,2,2
ey75b,rule_bot,1,10,11,23/01/14,True,0,8
crbvx,xkcdcomic_bot,500,311,811,14/08/13,True,9,62
ehu9w,PloungeMafiaVoteBot,26,1077,1103,24/12/13,True,1,339
cjhoo,Dickish_Bot_Bot,1,46,47,28/07/13,True,0,17
ee9hd,SuchModBot,368,2895,3263,17/12/13,True,3,1000
cy88a,MultiFunctionBot,71386,6923,78423,30/08/13,True,1000,1000
exek1,CasualMetricBot,1,81,82,22/01/14,True,0,0
7odg1,xkcd_bot,126,95012,95188,09/05/12,True,1,1000
cn5eg,VerseBot,1,24906,24907,05/08/13,True,0,817
de662,BeetusBot,26,36938,36964,05/10/13,True,2,1000
bbrze,GameDealsBot,1013,7462,8872,15/04/13,True,1,1000
aeqpb,BadLinguisticsBot,13,2957,2970,29/01/13,True,4,893
94bog,rhiever-bot,1,385,386,25/09/12,True,0,1000
ezf2q,gfycat-bot-sucksdick,1,2,3,26/01/14,True,0,3
btyd5,chromabot,48,960,1008,28/05/13,True,214,1000
ezncw,Readdit_Bot,1,5,6,26/01/14,True,0,114
e3djk,wooshbot,1,22,23,27/11/13,True,0,6
870qw,request_bot,6663,10573,20626,01/07/12,True,952,1000
d0yhe,define_bot,1,211,212,05/09/13,True,9,188
ed080,dogetipbot,5149,79952,85155,15/12/13,True,13,985
e3r4j,techobot,100,122,222,27/11/13,True,2,410
a5skw,CaptionBot,12652,451757,464409,09/01/13,True,11,1000
74st8,rightsbot,277,10699,10976,09/03/12,True,0,1000
cqy12,colorcodebot,1,20013,20014,13/08/13,True,1,846
6quz0,roger_bot,6,2991,2997,24/01/12,True,0,1000
7vegb,ADHDbot,1,-6,-5,01/06/12,True,206,1000
ew3np,hearing-aid_bot,1,60,61,20/01/14,True,0,29
eyxla,WikipediaCitationBot,1,698,699,25/01/14,True,1,36
el01k,PonyTipBot,28,356,384,30/12/13,True,0,754
do4bx,fact_check_bot,1,12289,12290,27/10/13,True,0,929
ewe9u,rusetipbot,1,10,11,20/01/14,True,0,9
ejw3g,test_bot0x00,1,22,23,28/12/13,False,1,4
aqxjb,classybot,57,1340,1415,26/02/13,True,0,1
emz6h,NFLVideoBot,1,1995,1996,03/01/14,True,0,736
eqqdv,MAGNIFIER_BOT,1,31,32,09/01/14,True,0,10
9ufie,JotBot,1732,311,2043,09/12/12,True,355,317
dhg92,WeeaBot,1,682,683,12/10/13,True,0,266
d9l5b,comment_copier_bot,1,-100,-99,24/09/13,True,0,13
ctxps,coinflipbot,33,27274,27317,20/08/13,True,2,620
acthp,VideoLinkBot,29,88279,88308,24/01/13,True,9,1000
e89xn,new_eden_news_bot,20797,4512,25309,06/12/13,True,989,611
dbdiw,hwsbot,1754,24721,30470,28/09/13,True,8,1000
ewcus,UrbanDicBot,1,22,23,20/01/14,True,0,6
dyg77,thankyoubot,1,1691,1692,17/11/13,True,0,36
ehh9n,GeekWhackBot,1,-87,-86,23/12/13,True,0,31
9e5ad,ExmoBot,79,571,650,23/10/12,True,15,212
9bndi,CHART_BOT,3,6198,6201,16/10/12,True,1,999
eytxj,tips_bot,1,1,2,24/01/14,True,0,2
calu9,GATSBOT,1,1131,1132,07/07/13,True,0,0
exavn,allinonebot,1,1327,1328,22/01/14,True,10,908
6997u,moderator-bot,68,1627,1695,16/11/11,True,14,1000
914fe,rnfl_robot,13,11,24,16/09/12,True,1,1000
evle6,StackBot,1,96,97,19/01/14,True,0,79
cob2s,GooglePlusBot,1,5047,5048,08/08/13,True,0,887
ahu9i,hit_bot,93,8359,8492,06/02/13,True,72,91
exqgw,CAH_BLACK_BOT,1,2278,2279,22/01/14,True,0,1000
dbs12,CalvinBot,773475,64,778533,29/09/13,True,1000,31
ez3mg,DogeTipStatsBot,20,225,245,25/01/14,True,4,993
ewy76,autourbanbot,1,98481,98482,21/01/14,True,0,917
ezcla,GabenCoinTipBot,68,1320,1388,25/01/14,True,0,922
cr2zd,_Definition_Bot_,5,-100,-95,14/08/13,True,31,1000
7lkgh,redditbots,17,104823,104840,30/04/12,True,38,973
efqzz,redditreviewbot,47,95,142,19/12/13,True,29,119
c6hog,__bot__,1,2390,2391,27/06/13,True,0,2
enhq4,autowikibot,16,519941,520034,04/01/14,True,0,965
e2xkv,golferbot,1,82,83,26/11/13,True,0,90
es6w2,topredditbot,674741,73078,752751,12/01/14,True,0,141
dndkz,c5bot,141,2,143,25/10/13,True,563,21
errnx,jerkbot-3hunna,4,12783,12787,11/01/14,True,1,1000
edpuo,gracefulclaritybot,1,1393,1394,15/12/13,True,7,150
c8u81,valkyribot,28,114,142,02/07/13,True,1000,1000
dnb27,gracefulcharitybot,1,3143,3157,25/10/13,True,0,998
db4rn,ddlbot,491,406,897,27/09/13,True,15,78
bu4bl,NoSobStoryBot2,93,76130,76223,28/05/13,True,1,1000
dcbza,bitofnewsbot,628,132427,133055,30/09/13,True,3,1000
bgzm9,conspirobot,50,1077,1127,26/04/13,True,11,48
eyuka,tipmoonbot1,1,1,2,24/01/14,True,0,11
dz4hv,d3posterbot,1,49758,49759,18/11/13,True,3,998
4hnaw,serendipitybot,642185,23841,666683,03/11/10,True,1000,1000
ey0j8,gabentipbot,1,18,19,23/01/14,True,1,1
f03zn,givesafuckbot,1,0,1,27/01/14,True,0,1
cevdk,SakuraiBot_test,66,0,66,17/07/13,True,732,408
bdwyn,ttumblrbots,1,162461,162462,19/04/13,True,0,811
5nx64,haiku_robot,1,159092,159093,13/08/11,True,1,923
eyuv8,tipmoonbot2,1,2,3,24/01/14,True,1,4
7mt6ndz,stabbot,145,421298,422887,19/07/17,True,92,999
99w0k0b,DeepFryBot,265,105215,105513,03/08/17,True,4,995
121oo1,GifReversingBot,2137,695494,700894,11/10/16,True,45,981
2dhr4m0m,vredditshare,290,19656,20005,08/10/18,True,26,676
14svjf,morejpeg_auto,25,382401,382889,26/01/17,True,2,989
3bf3bzmk,gifendore,154,71846,72075,28/02/19,True,15,984
febtxxu,WololoBot,37,381,418,28/09/17,True,2,250
c4gda0n,tippr,98,33558,33656,29/08/17,True,5,993
gbm4p,RemindMeBot,3141592,3141592,6287054,27/04/14,True,0,1000
4sk81sqg,profanitycounter,1186,189240,193214,13/10/19,True,29,963
dgrmedp3,Eminem_Bot,16,81,97,22/07/21,True,7,198
rnitl9tq,hornispoiler,118,1325,4900,18/08/22,True,2,982
jbcdzspf,underscorebot,10,3808,3818,03/02/22,True,35,1000
upvtkw30,OCRAutoModerator,1,-6,-5,02/12/22,True,0,797
gpfxn91d,HSpamSlayer,1390,0,1483,19/11/21,True,176,996
arpc3bjn,OnlyFansBanBot,1,0,16,07/03/21,True,0,0
sr0gwa98,notesbot,33,121,170,23/09/22,True,50,747
94t378h4,Glass-Bot,24,89,205,02/12/20,True,13,272
9znwbtx5,ChainAway,1,0,1,25/01/21,True,0,0
8jt1z,mod_mailer,9,0,9,03/08/12,True,4,0
h05oa,ChannelBot,369980,9,418798,16/06/14,True,887,39
4oc01uxl,tweet_widget,1,0,1,27/09/19,True,0,0
jkrne5kq,toxicitymodbot,236,176,467,11/02/22,True,21,115
60vs1fcw,FishMahBot,125,9385,9610,01/11/20,True,38,999
1688we,modlogs,1,0,1,16/03/17,True,0,0
aj637pjyk,SpamSentinel,1,1,2,03/05/23,True,1001,1000
52w7q957,BotTerminator,136,57,193,23/11/19,True,7,33
qlcs15mw,ModeratelyUsefulBot,1,1202,1203,28/07/22,True,0,1000
5cfhgc9g,FloodgatesBot,2,63,163,01/01/20,True,2,998
6wo9wpea,DuplicateDestroyer,178,84,340,12/06/20,True,8,1000
2717bc9o,MAGIC_EYE_BOT,399,13961,14910,12/09/18,True,1,999
9jvoquzk,RepostMasterBot,6,-100,96,29/12/20,True,4,1000
33p62kyo,RepostSleuthBot,230,2483464,2519630,28/01/19,True,5,998
678dhud3,TheReposterminator,1,5535,5574,13/04/20,True,5,1000
77zyvbzs,Flair_Helper,37,431,4677,09/07/20,True,3,1000
nph5u,Taskerbot,5,26,31,25/05/15,True,0,1000
7jj8uhqq,QualityVote,1,40191,60740,03/08/20,True,0,998
58glavds,AssistantBOT1,42,0,188,15/12/19,True,1001,1000
5p5ebi87,QueueClearBot,3,0,3,16/02/20,True,315,1000
c73p2rjy,ReportCleanser,1,0,9,18/05/21,True,0,38
5l8lw,badgebot,5,492,497,30/07/11,True,1,20
5cofnqg7,SafestBot,3,0,38,02/01/20,True,3,0
6ladm,Saferbot,47,64,338,05/01/12,True,1,0
sr0gwa98,notesbot,33,121,170,23/09/22,True,50,747
cgzknus4,ContextModBot,1,166,167,01/06/21,True,1,1000
vek0lw8a,GradualBanBot,1,0,1,04/01/23,True,1,0
ofyafgc3,AutoLockBot,1,0,8,10/06/22,True,1,1
c9tri,HCE_Replacement_Bot,1,-100,-68,05/07/13,True,1,1000
exlng,Kevin_Garnett_Bot,1,1,2,22/01/14,True,0,3
c74tl,Rangers_Bot,16300,78,16628,28/06/13,True,1000,152
c9tri,HCE_Replacement_Bot,1,-100,-68,05/07/13,True,1,1000
exlng,Kevin_Garnett_Bot,1,1,2,22/01/14,True,0,3
c74tl,Rangers_Bot,16300,78,16628,28/06/13,True,1000,152
c9tri,HCE_Replacement_Bot,1,-100,-68,05/07/13,True,1,1000
exlng,Kevin_Garnett_Bot,1,1,2,22/01/14,True,0,3
c74tl,Rangers_Bot,16300,78,16628,28/06/13,True,1000,152
c9tri,HCE_Replacement_Bot,1,-100,-68,05/07/13,True,1,1000
exlng,Kevin_Garnett_Bot,1,1,2,22/01/14,True,0,3
c74tl,Rangers_Bot,16300,78,16628,28/06/13,True,1000,152
dq9cc,DropBox_Bot,1,7555,7556,31/10/13,True,2,958
bv54r,Website_Mirror_Bot,1,122950,122951,30/05/13,True,0,946
ezilt,Metric_System_Bot,1,453,454,26/01/14,True,0,249
exg2f,Fedora-Tip-Bot,387,8625,9012,22/01/14,True,35,996
bxooo,Some_Bot,10,213,223,05/06/13,True,3,1000
elznf,Brigade_Bot,1,15,16,01/01/14,True,1,21
bdm84,Porygon-Bot,11820,1673,14877,19/04/13,True,1000,1000
7v23k,KarmaConspiracy_Bot,1,15608,15609,31/05/12,True,0,1000
coucn,SWTOR_Helper_Bot,1139,336,1475,09/08/13,True,560,1000
ex1lp,wtf_content_bot,1,12,13,21/01/14,True,0,18
ezdsg,Insane_Photo_Bot,1,14,15,26/01/14,True,0,3
ewe6i,Antiracism_Bot,1,312,313,20/01/14,True,0,116
ex7ry,qznc_bot,174837,2553,177410,22/01/14,True,1000,1000
dvd84,mma_gif_bot,1,2211,2212,11/11/13,True,0,1000
en1p2,QUICHE-BOT,1,102,103,03/01/14,True,0,274
ev4tb,bRMT_Bot,1,146,147,18/01/14,True,0,635
e8bil,hockey_gif_bot,1,3296,3297,06/12/13,True,0,1000
dvcyb,nba_gif_bot,1,4234,4235,11/11/13,True,1,1000
ergat,gifster_bot,1,6,7,11/01/14,True,0,17
czb0g,imirror_bot,1,5507,5508,02/09/13,True,0,564
c3ptk,okc_rating_bot,2522,2961,5483,20/06/13,True,17,1000
ewqle,tennis_gif_bot,1,137,138,21/01/14,True,0,145
e895x,nfl_gif_bot,1,403,404,06/12/13,True,0,588
ewcjm,CPTModBot,1,16,17,20/01/14,True,0,1000
d0tgm,LocationBot,3827,374063,378699,05/09/13,True,4,1000
dv6a9,FriendSafariBot,5,18,180,11/11/13,True,3,0
etq1g,CreepierSmileBot,13,2139,2152,15/01/14,False,3,968
eji0o,IAgreeBot,1,84,85,27/12/13,True,1,54
ew1ad,HockeyGT_Bot,188,13838,14026,20/01/14,True,38,417
dunix,soccer_gif_bot,1,12926,12927,10/11/13,True,1,1000
ec5mf,gunners_gif_bot,1,502,503,13/12/13,True,0,256
eww5t,xkcd_number_bot,1,2,3,21/01/14,True,0,2
ezz74,GWHistoryBot,18,8855,8873,27/01/14,True,14,1000
e896l,PokemonFlairBot,5,112,117,06/12/13,True,56,579
abnkz,ChristianityBot,280,777,1057,22/01/13,True,0,38
7fopa,cRedditBot,1,882,883,12/04/12,True,0,0
d4gao,StreetFightMirrorBot,3,658,661,12/09/13,True,0,140
ez686,FedoraTipAutoBot,1,42,43,25/01/14,True,2,72
eptpe,UnobtaniumTipBot,1,1,2,08/01/14,True,2,15
6yuzt,astro-bot,1454,13458,14912,19/02/12,True,9,989
eysio,TipMoonBot,52,149,201,24/01/14,True,5,997
agckg,PlaylisterBot,942,79784,80726,02/02/13,True,1000,1000
dgcgz,Wiki_Bot,1,3050,3051,09/10/13,True,1,791
e8sbs,fedora_tip_bot,5,19407,19412,07/12/13,True,0,934
emzaf,GunnersGifsBot,264,159,423,03/01/14,True,198,374
epesu,PGN-Bot,30,839,882,07/01/14,True,1,990
8yf38,GunnitBot,1,18933,18934,09/09/12,True,0,1000
c2mx8,havoc_bot,400500,2843,403379,17/06/13,True,50,48
ezs89,Relevant_News_Bot,8,112,120,26/01/14,True,4,8
eg62g,RealtechPostBot,82796,898,83694,20/12/13,True,1000,1000
eubk2,imgurHostBot,1,518,519,16/01/14,True,0,153
ehoo9,Gatherer_bot,5,421,426,23/12/13,True,0,252
ap4fp,DeltaBot,5147,34360,39865,22/02/13,True,1000,1000
eor45,Nazeem_Bot,1,57,58,06/01/14,True,0,14
cyuq2,PhoenixBot,236,42,278,01/09/13,True,0,1000
8h07g,AtheismModBot,10290,831,11121,27/07/12,True,0,0
espzz,IsItDownBot,1,236,237,13/01/14,True,2,372
84ylx,RFootballBot,5,4,9,26/06/12,True,4,490
emrzh,KSPortBot,1,270,271,03/01/14,True,0,155
do244,Makes_Small_Text_Bot,1,9147,9148,27/10/13,True,1,945
e4qti,CompileBot,14,32144,32158,30/11/13,True,1,556
c1j0v,SakuraiBot,242349,39335,281684,14/06/13,True,581,625
779qw,asmrspambot,1,243,244,18/03/12,True,1,1000
dcmf6,SurveyOfRedditBot,2,257,259,01/10/13,True,0,0
ef7u9,RfreebandzBOT,17,-1,16,18/12/13,True,2,2
ey75b,rule_bot,1,10,11,23/01/14,True,0,8
crbvx,xkcdcomic_bot,500,311,811,14/08/13,True,9,62
ehu9w,PloungeMafiaVoteBot,26,1077,1103,24/12/13,True,1,339
cjhoo,Dickish_Bot_Bot,1,46,47,28/07/13,True,0,17
ee9hd,SuchModBot,368,2895,3263,17/12/13,True,3,1000
cy88a,MultiFunctionBot,71386,6923,78423,30/08/13,True,1000,1000
exek1,CasualMetricBot,1,81,82,22/01/14,True,0,0
7odg1,xkcd_bot,126,95013,95189,09/05/12,True,1,1000
cn5eg,VerseBot,1,24906,24907,05/08/13,True,0,817
de662,BeetusBot,26,36938,36964,05/10/13,True,2,1000
bbrze,GameDealsBot,1013,7462,8872,15/04/13,True,1,1000
aeqpb,BadLinguisticsBot,13,2957,2970,29/01/13,True,4,893
94bog,rhiever-bot,1,385,386,25/09/12,True,0,1000
ezf2q,gfycat-bot-sucksdick,1,2,3,26/01/14,True,0,3
btyd5,chromabot,48,960,1008,28/05/13,True,214,1000
ezncw,Readdit_Bot,1,5,6,26/01/14,True,0,114
e3djk,wooshbot,1,22,23,27/11/13,True,0,6
bw9dw,disapprovalbot,1,2009,2010,02/06/13,True,0,235
870qw,request_bot,6663,10573,20626,01/07/12,True,952,1000
d0yhe,define_bot,1,211,212,05/09/13,True,9,188
ed080,dogetipbot,5149,79952,85155,15/12/13,True,13,985
e3r4j,techobot,100,122,222,27/11/13,True,2,410
a5skw,CaptionBot,12652,451757,464409,09/01/13,True,11,1000
74st8,rightsbot,277,10699,10976,09/03/12,True,0,1000
cqy12,colorcodebot,1,20013,20014,13/08/13,True,1,846
6quz0,roger_bot,6,2991,2997,24/01/12,True,0,1000
7vegb,ADHDbot,1,-6,-5,01/06/12,True,206,1000
ew3np,hearing-aid_bot,1,60,61,20/01/14,True,0,29
eyxla,WikipediaCitationBot,1,698,699,25/01/14,True,1,36
el01k,PonyTipBot,28,356,384,30/12/13,True,0,754
do4bx,fact_check_bot,1,12289,12290,27/10/13,True,0,929
ewe9u,rusetipbot,1,10,11,20/01/14,True,0,9
ejw3g,test_bot0x00,1,22,23,28/12/13,False,1,4
aqxjb,classybot,57,1340,1415,26/02/13,True,0,1
emz6h,NFLVideoBot,1,1995,1996,03/01/14,True,0,736
eqqdv,MAGNIFIER_BOT,1,31,32,09/01/14,True,0,10
9ufie,JotBot,1732,311,2043,09/12/12,True,355,317
dhg92,WeeaBot,1,682,683,12/10/13,True,0,266
d9l5b,comment_copier_bot,1,-100,-99,24/09/13,True,0,13
ctxps,coinflipbot,33,27274,27317,20/08/13,True,2,620
acthp,VideoLinkBot,29,88279,88308,24/01/13,True,9,1000
e89xn,new_eden_news_bot,20797,4512,25309,06/12/13,True,989,611
dbdiw,hwsbot,1754,24722,30471,28/09/13,True,8,1000
ewcus,UrbanDicBot,1,22,23,20/01/14,True,0,6
dyg77,thankyoubot,1,1691,1692,17/11/13,True,0,36
ehh9n,GeekWhackBot,1,-87,-86,23/12/13,True,0,31
9e5ad,ExmoBot,79,571,650,23/10/12,True,15,212
9bndi,CHART_BOT,3,6198,6201,16/10/12,True,1,999
eytxj,tips_bot,1,1,2,24/01/14,True,0,2
calu9,GATSBOT,1,1131,1132,07/07/13,True,0,0
exavn,allinonebot,1,1327,1328,22/01/14,True,10,908
6997u,moderator-bot,68,1627,1695,16/11/11,True,14,1000
914fe,rnfl_robot,13,11,24,16/09/12,True,1,1000
evle6,StackBot,1,96,97,19/01/14,True,0,79
cob2s,GooglePlusBot,1,5047,5048,08/08/13,True,0,887
ahu9i,hit_bot,93,8359,8492,06/02/13,True,72,91
exqgw,CAH_BLACK_BOT,1,2278,2279,22/01/14,True,0,1000
dbs12,CalvinBot,773475,64,778533,29/09/13,True,1000,31
ez3mg,DogeTipStatsBot,20,225,245,25/01/14,True,4,993
ewy76,autourbanbot,1,98481,98482,21/01/14,True,0,917
ezcla,GabenCoinTipBot,68,1320,1388,25/01/14,True,0,922
cr2zd,_Definition_Bot_,5,-100,-95,14/08/13,True,31,1000
7lkgh,redditbots,17,104823,104840,30/04/12,True,38,973
efqzz,redditreviewbot,47,95,142,19/12/13,True,29,119
c6hog,__bot__,1,2390,2391,27/06/13,True,0,2
enhq4,autowikibot,16,519941,520034,04/01/14,True,0,965
e2xkv,golferbot,1,82,83,26/11/13,True,0,90
es6w2,topredditbot,674741,73078,752751,12/01/14,True,0,141
dndkz,c5bot,141,2,143,25/10/13,True,563,21
errnx,jerkbot-3hunna,4,12783,12787,11/01/14,True,1,1000
edpuo,gracefulclaritybot,1,1393,1394,15/12/13,True,7,150
c8u81,valkyribot,28,114,142,02/07/13,True,1000,1000
dnb27,gracefulcharitybot,1,3143,3157,25/10/13,True,0,998
db4rn,ddlbot,491,406,897,27/09/13,True,15,78
bu4bl,NoSobStoryBot2,93,76130,76223,28/05/13,True,1,1000
dcbza,bitofnewsbot,628,132427,133055,30/09/13,True,3,1000
bgzm9,conspirobot,50,1077,1127,26/04/13,True,11,48
eyuka,tipmoonbot1,1,1,2,24/01/14,True,0,11
dz4hv,d3posterbot,1,49758,49759,18/11/13,True,3,998
4hnaw,serendipitybot,642185,23841,666683,03/11/10,True,1000,1000
ey0j8,gabentipbot,1,18,19,23/01/14,True,1,1
f03zn,givesafuckbot,1,0,1,27/01/14,True,0,1
cevdk,SakuraiBot_test,66,0,66,17/07/13,True,732,408
bdwyn,ttumblrbots,1,162461,162462,19/04/13,True,0,811
5nx64,haiku_robot,1,159092,159093,13/08/11,True,1,923
eyuv8,tipmoonbot2,1,2,3,24/01/14,True,1,4
7mt6ndz,stabbot,145,421298,422887,19/07/17,True,92,999
99w0k0b,DeepFryBot,265,105215,105513,03/08/17,True,4,995
121oo1,GifReversingBot,2137,695494,700894,11/10/16,True,45,981
2dhr4m0m,vredditshare,290,19656,20005,08/10/18,True,26,676
14svjf,morejpeg_auto,25,382401,382889,26/01/17,True,2,989
3bf3bzmk,gifendore,154,71846,72075,28/02/19,True,15,984
febtxxu,WololoBot,37,381,418,28/09/17,True,2,250
c4gda0n,tippr,98,33558,33656,29/08/17,True,5,993
gbm4p,RemindMeBot,3141592,3141592,6287054,27/04/14,True,0,1000
4sk81sqg,profanitycounter,1186,189240,193214,13/10/19,True,29,963
dgrmedp3,Eminem_Bot,16,81,97,22/07/21,True,7,198
rnitl9tq,hornispoiler,118,1325,4900,18/08/22,True,2,982
jbcdzspf,underscorebot,10,3808,3818,03/02/22,True,35,1000
upvtkw30,OCRAutoModerator,1,-6,-5,02/12/22,True,0,797
gpfxn91d,HSpamSlayer,1390,0,1483,19/11/21,True,176,996
arpc3bjn,OnlyFansBanBot,1,0,16,07/03/21,True,0,0
sr0gwa98,notesbot,33,121,170,23/09/22,True,50,747
94t378h4,Glass-Bot,24,89,205,02/12/20,True,13,272
9znwbtx5,ChainAway,1,0,1,25/01/21,True,0,0
8jt1z,mod_mailer,9,0,9,03/08/12,True,4,0
h05oa,ChannelBot,369980,9,418798,16/06/14,True,887,39
4oc01uxl,tweet_widget,1,0,1,27/09/19,True,0,0
jkrne5kq,toxicitymodbot,236,176,467,11/02/22,True,21,115
60vs1fcw,FishMahBot,125,9385,9610,01/11/20,True,38,999
1688we,modlogs,1,0,1,16/03/17,True,0,0
aj637pjyk,SpamSentinel,1,1,2,03/05/23,True,1001,1000
52w7q957,BotTerminator,136,57,193,23/11/19,True,7,33
qlcs15mw,ModeratelyUsefulBot,1,1202,1203,28/07/22,True,0,1000
5cfhgc9g,FloodgatesBot,2,63,163,01/01/20,True,2,998
6wo9wpea,DuplicateDestroyer,178,84,340,12/06/20,True,8,1000
2717bc9o,MAGIC_EYE_BOT,399,13962,14911,12/09/18,True,1,997
9jvoquzk,RepostMasterBot,6,-100,96,29/12/20,True,4,1000
33p62kyo,RepostSleuthBot,230,2483491,2519657,28/01/19,True,5,1000
678dhud3,TheReposterminator,1,5535,5574,13/04/20,True,5,1000
77zyvbzs,Flair_Helper,37,431,4677,09/07/20,True,3,1000
nph5u,Taskerbot,5,26,31,25/05/15,True,0,1000
7jj8uhqq,QualityVote,1,40191,60740,03/08/20,True,0,998
58glavds,AssistantBOT1,42,0,188,15/12/19,True,1001,1000
5p5ebi87,QueueClearBot,3,0,3,16/02/20,True,315,1000
c73p2rjy,ReportCleanser,1,0,9,18/05/21,True,0,38
5l8lw,badgebot,5,492,497,30/07/11,True,1,20
5cofnqg7,SafestBot,3,0,38,02/01/20,True,3,0
6ladm,Saferbot,47,64,338,05/01/12,True,1,0
sr0gwa98,notesbot,33,121,170,23/09/22,True,50,747
cgzknus4,ContextModBot,1,166,167,01/06/21,True,1,1000
vek0lw8a,GradualBanBot,1,0,1,04/01/23,True,1,0
ofyafgc3,AutoLockBot,1,0,8,10/06/22,True,1,1
1792ts,Petwins,1769,232248,237116,20/04/17,True,70,998
38v2g,Dilettante,23519,429582,464367,17/09/08,True,138,996
7fq8y,Ghigs,5247,371979,378681,12/04/12,True,225,1000
f0c4k,Kresley,157606,46626,219275,27/01/14,True,669,801
6rktq,OBLIVIATER,137054,281395,439405,26/01/12,True,848,976
dhl70,marsianer,210939,121002,342222,12/10/13,True,768,999
4iumfqgi,Brittle_Panda,57163,48459,110343,15/09/19,True,297,938
nphqs,rhomboidus,9,717161,720226,25/05/15,True,7,1000
fwbr9,SurprisedPotato,114064,174383,291342,28/03/14,True,945,992
wh4fq,Jtwil2191,29281,127772,160275,17/03/16,True,296,1000
9sptn,ForScale,71015,271426,345343,04/12/12,True,997,1000
2gjhn34u,ntengineer,31884,339610,382315,07/06/19,True,300,877
5gzot,Hipp013,107485,199068,310600,05/07/11,True,950,1000
b92nv,noggin-scratcher,905,352023,356405,09/04/13,True,19,999
13ezdq,FillsYourNiche,1387855,274323,1675662,08/12/16,True,980,846
5c47o,Mynameisnotdoug,13548,208446,222026,05/06/11,True,70,872
9fwan,I_Miss_Claire,5437,90490,96404,29/10/12,True,169,977
6l4z3,AutoModerator,1000,1000,2484684,05/01/12,True,913,935
6a93e,doc_daneeka,133519,993408,1134143,21/11/11,True,371,991
c2152o6ct,purge-user,1,0,1,25/05/23,False,0,0
b8rzv,GFrohman,25973,219608,246740,08/04/13,True,126,1000
f9pku0ppm,comment-nuke,1,0,1,11/07/23,False,0,0
16085l,EverGreatestxX,19569,229488,252420,07/03/17,True,39,1000
5i11el5c,DepressedTrashKitty,5816,9032,15276,22/01/20,True,214,989
mcbb25x3,KittieCat100,6224,5442,11804,24/04/22,True,326,994
22uzfczj,Revolutionary-Lie544,144,1231,1440,23/11/20,True,16,417
2fpn,cwenham,41632,24451,67190,28/02/06,True,105,957
j0z5u,_BindersFullOfWomen_,644996,386496,1071092,24/10/14,True,617,999
itf5,tragopanic,91853,220814,335330,17/09/06,True,82,605
5tt1l,adeadhead,127955,184103,325787,09/09/11,True,325,996
59k8h,RamsesThePigeon,340619,4806235,5324479,21/05/11,True,483,381
7qmzk,n_reineke,40798,738765,783510,16/05/12,True,134,668
5onsi,PicsMod,10,39,49,17/08/11,True,5,3
6cfjz,JoyousCacophony,29171,103759,135350,30/11/11,True,187,993
9k3ce,PussyWhistle,573267,316786,910547,09/11/12,True,864,999
4gtqs,remiel,8461,21936,30612,27/10/10,True,288,997
6pb3z,relaxlu,7151,36307,163283,19/01/12,True,3,766
82m30,noeatnosleep,145576,61148,208407,21/06/12,True,489,928
ldg1k,terminal_mole,194288,334698,534200,15/02/15,True,168,142
h24z5,NegativeTwelfth,4443,26881,31444,20/06/14,True,20,990
49og7,SnowPhoenix9999,11429,2577,18431,20/08/10,True,507,923
17sb7,jamt9000,2100,7738,9838,04/03/07,True,191,994
8fi90,whyhellomichael,474957,102138,581823,23/07/12,True,937,974
o77bz,Lil_SpazJoekp,105131,21007,133794,18/06/15,True,253,980
3uh1q,GuitarFreak027,76114,49550,132333,25/01/10,True,636,743
xcql2,Sunkisty,83327,24657,118212,21/04/16,True,285,974
111b33,daninger4995,198127,31916,237716,30/08/16,True,521,976
zsx5c,Emmx2039,36162,121617,183488,25/07/16,True,64,736
6talf,Kylel6,3995,4642,8670,01/02/12,True,155,990
66j2ix37,CorvusCalvaria,147853,9665,183242,10/04/20,True,224,703
s3svg,DerangedOctopus,12349,36745,50001,16/11/15,True,372,988
eceia,GastricallyStretched,30396,204252,238479,13/12/13,True,77,992
68bqn,TrueAmurrican,12710,93927,111071,12/11/11,True,170,889
hiat4pb,mayaxs,2567821,71153,2652431,16/10/17,True,662,954
6ykom,TreKs,1236050,89049,1506264,18/02/12,True,526,946
qusil,lessons_learnt,1068219,165490,1270008,01/10/15,True,110,525
19is0ob9,JaneksBlackBox,4,0,4,27/04/18,True,0,0
3zm9kedt,pics-moderator,81246,35448,142144,22/06/19,True,16,1000
cs24ftsgd,rPicsMods,7076,0,7747,05/06/23,True,1,0
bzgusgaap,mod-mentions,1,0,1,24/05/23,False,0,0
hbkdgzya4,floodassistant,1,-1,0,10/08/23,False,0,1000
hu3cftt7u,hive-protect,1,0,1,18/08/23,False,0,5
nqyexcsi4,auto-modmail,1,0,1,12/11/23,True,0,0
c2ea45dls,discord-send,1,0,1,25/05/23,False,0,0
fv11jk023,ModsOfIAF,2,0,2582,20/07/23,True,1,0
m5ap12iq,SpamBustr,1,0,425,19/04/22,True,3,0
hfdkfjh35,sendtoany,1,0,1,12/08/23,False,0,0
dhg0x4kyp,modqueue-nuke,1,0,1,15/06/23,False,0,0
d2nyy7rca,sub-roundup,233,0,233,09/06/23,False,205,0
muor2ebl9,trendingtattler,1,0,1,30/10/23,True,0,0
fti1yn3nv,flairassistant,1,131,132,19/07/23,False,0,1000
6bcde,Llim,449223,210815,778406,26/11/11,True,1,3
jdllv,QueenAnneBoleynTudor,116169,523740,651403,15/11/14,True,645,998
3ihiu12t,I_Am_A_Real_Hacker,12940,17042,34981,31/03/19,True,106,919
13p8hl,hjalmar111,5065775,79868,5239646,19/12/16,True,983,990
l6miue,ghostgoddess7,103239,7138,111522,11/07/17,True,129,250
6h4jt,Quick_man,18069,126373,145432,19/12/11,True,289,861
97x00,tara1,186294,14009,204166,05/10/12,True,982,994
fv8ar,DePasta,2803,7720,11569,26/03/14,True,21,980
81vyw,justcool393,80921,176972,301688,19/06/12,True,90,557
7u4es,5loon,7184,12173,19394,29/05/12,True,130,875
c00cm,EstherandThyme,21562,336853,360466,11/06/13,True,158,1000
ntkot535,fpmods,1,0,1,29/05/22,True,0,0
2rwyy,namsilat,37976,34030,89737,21/09/07,True,223,990
370bv,natezomby,1627539,61376,1690754,13/07/08,True,993,985
8b2pz,Quantum_Force,67260,27858,106415,12/07/12,True,168,970
fgpw9scoi,log-modactions,1,0,1,14/07/23,False,0,0
35gvu,krispykrackers,128284,168317,296666,22/05/08,True,776,916
1y8nc,flyryan,17291,64185,81804,13/06/07,True,259,982
4fer6,Ooer,45537,109931,167820,13/10/10,True,329,892
2e7y6,roastedbagel,95960,271318,372988,10/08/07,True,809,954
lydf,ani625,2114535,2447117,4577013,13/10/06,True,942,852
3sgvt,sexrockandroll,27607,466753,496708,25/12/09,True,94,984
92k5o,-eDgAR-,1063700,7665069,8806523,20/09/12,True,983,815
9yfak,Jakeable,71851,30746,233778,20/12/12,True,256,358
3ipie,qtx,33105,386404,421713,20/06/09,True,366,1000
6hjfq,necrokitty,19575,81675,104329,21/12/11,True,315,647
4lild,lotrouble,41029,49602,100117,07/12/10,True,62,96
oj5cm,RuinEleint,8164,76939,85699,04/07/15,True,321,963
eo3ua,SpCommander,2276,157351,159932,05/01/14,True,38,969
iy1o1,Kopratic,10001,17367,32774,19/10/14,True,360,839
f40iy,teknrd,23216,105874,129499,03/02/14,True,168,921
2dbsvbqj,adotmatrix,309569,25356,353899,25/01/20,True,1001,897
u3rd48k,Sendsomechips,3852,52642,56838,20/03/18,True,36,971
172577,omgthenerve,18830,16955,39550,13/04/17,True,567,539
fm1t9,eriophora,7669,49829,58681,08/03/14,True,143,720
2mizn,daecrist,33959,144553,180464,06/09/07,True,99,994
4fgm8id3,catsugh,12781,4727,20961,02/09/19,True,178,148
10y8p7,elaerna,17297,190538,209606,28/08/16,True,443,1000
73wvitxy,ihate20200000,3070,7118,10969,30/06/20,True,11,184
7pauf,VioletViola,1266,18191,19465,12/05/12,True,77,989
6qi8nibq,EccentricHorse11,27573,122104,153004,11/06/20,True,279,991
3ctp3gpt,mtango1,728,10681,11536,07/03/19,True,62,994
atso7k7c,Mondestruken,70,7261,7331,22/03/21,True,8,209
tw0b9al3,therusticbandit,1,3,4,01/11/22,True,0,2
ytpt7,AskRedditModerators,78806,-100,139867,18/06/16,True,147,306
5idfh,Elderthedog,191662,23702,230832,13/07/11,True,718,877
9cl0t,hoosakiwi,554937,543126,1252687,19/10/12,True,197,746
4a86c,DiggDejected,3758,9074,14957,27/08/10,True,22,788
ce1jm,todayilearned83,685530,63179,758165,15/07/13,True,998,967
ceupk,gutpocketsucks,5793,12977,19024,17/07/13,True,17,438
a45t1,ReganDryke,33333,112851,148113,05/01/13,True,90,989
siz9o,pussgurka,4905,6377,11962,29/11/15,True,231,998
evw04,AudibleNod,1866384,3047460,4976960,19/01/14,True,998,1000
pcpyq,Plainchant,1036285,277525,1343532,06/08/15,True,990,933
amvbn,lolihull,134379,314886,450473,17/02/13,True,403,999
5xhpa,Vfef,523,20226,20865,26/09/11,True,11,933
x9ehz,fingerpaintswithpoop,1219,281188,283166,18/04/16,True,31,1000
ah20oa09,NewsModTeam,16128,86,20307,20/02/21,True,14,140
k3ppt,Superbuddhapunk,316449,193040,517659,16/12/14,True,906,890
7b0kc,BuckRowdy,592606,396217,1059688,29/03/12,True,360,994
4i1z1,dieyoufool3,83458,73155,196684,07/11/10,True,922,919
h7zwtoig,GeauxTheFckAway,3326,10152,13843,04/12/21,True,0,12
69a9xl9n,UnprofessionalCook,21367,38782,117079,26/10/20,True,150,697
iokxm,-doughboy,118566,143497,273180,02/10/14,True,469,980
42noo,Dacvak,151032,238685,394131,22/05/10,True,984,976
3up4g,synbios16,29190,28188,57557,28/01/10,True,365,444
42f98,mookler,12382,156905,182130,18/05/10,True,75,918
dme34,MisterWoodhouse,85088,319810,417523,23/10/13,True,681,974
cgl5d,Redbiertje,65409,225609,302969,21/07/13,True,585,984
4n5ks,Umdlye,13953,27161,46762,21/12/10,True,334,954
7lx6o,MikeyJayRaymond,66433,107428,179986,01/05/12,True,859,981
13n95v,Greenbiertje,150,0,150,17/12/16,True,2,0
brbep,TonyQuark,80332,178797,267408,21/05/13,True,649,968
nml8u,TurtlesgonnaTurtle,1466,9993,11868,22/05/15,True,24,973
10tvda,IwataFan,24919,10469,35878,23/08/16,True,245,949
28v3c,phedre,381306,649258,1052177,23/07/07,True,0,0
2dxx9t,wrproductions,52597,90660,144575,22/05/17,True,230,1000
sfkfv,Hawkmoona_Matata,54618,545721,615056,26/11/15,True,396,975
5xkt0,leakycauldron,2430,27587,30090,27/09/11,True,150,812
4fxic,tylersburden,149548,223462,393424,19/10/10,True,999,999
697or,AlexWIWA,16750,71371,89218,16/11/11,True,195,1000
42lgf,Binerexis,5061,56551,69619,21/05/10,True,129,996
4myjbnr2,-Vampires-,22062,19667,43116,08/10/19,True,5,155
piojy,viky109,50444,62369,116942,13/08/15,True,96,1000
fcmfq,gamingmoderator,6425,106,9379,19/02/14,True,36,9
sjcor,TheHammer34,15405,2574,19642,29/11/15,True,338,895
3q7w6vjo,esoterix_luke,1015489,22322,1123297,06/05/19,True,197,389
30tgmicn,BvbblegvmBitch,23775,39971,77212,21/01/19,True,35,726
5fij8,ilegalimigrants,364,244,634,26/06/11,True,14,95
9gqpg,Noerdy,2132138,1083619,3245475,31/10/12,True,916,982
fr6r0,I_Am_Batgirl,44498,48602,102421,18/03/14,True,232,856
12u0cg,30-xv,173000,370360,544063,15/11/16,True,134,266
cqfvxb1,JonathanTheZero,364474,250384,621376,27/10/18,True,891,999
5iwwg,Poppwall,1868,4799,6852,16/07/11,True,20,707
gyovvu2,Stockso,19661,8402,30215,31/10/17,True,215,989
ert5f,kellysama,10053,1776,13482,12/01/14,True,37,484
1uzpp,qgyh2,472282,62966,541377,31/05/07,True,484,260
2yqt,maxwellhill,14918523,138233,15062329,12/03/06,True,978,721
37vxi,BritishEnglishPolice,36463,110552,147084,15/08/08,True,233,974
3kbhj,anutensil,4784055,97233,4881326,27/07/09,True,941,847
612zd,DoremusJessup,8260484,150311,8484305,12/10/11,True,1000,991
ljey,emmster,4777,293485,299586,10/10/06,True,192,998
7ummq,green_flash,1586125,1640834,3248051,30/05/12,True,991,1000
690pn,PraiseBeToScience,33540,341741,375583,15/11/11,True,586,1000
glrsi,WorldNewsMods,377865,7472,426981,17/05/14,True,918,1000
3cfi7,istara,135454,1279620,1420127,12/01/09,True,806,968
7mbu8,Fluttershy_qtest,9544,52554,62249,02/05/12,True,848,73
4p7hw,Surf_Science,43693,56975,100668,07/01/11,True,155,998
4jehq,imdpathway,100574,9394,111925,19/11/10,True,995,956
48m9k,Isentrope,90505,198624,303710,08/08/10,True,231,714
5qkho,PlanetGuy,6752,10083,16835,27/08/11,True,274,799
hmlhh,seewolfmdk,15783,234953,253282,29/07/14,True,420,983
11pi4u,NYLaw,629696,85702,728200,27/09/16,True,951,999
e45ye,hasharin,129483,27846,171206,28/11/13,True,907,703
4ehoj,tinkthank,88677,251566,341787,04/10/10,True,999,1000
9e2mv,BlatantConservative,402167,2675139,3109866,23/10/12,True,916,1000
c3cze,vikinick,64096,519768,586424,19/06/13,True,0,985
nkk56,progress18,4474094,419419,4943512,19/05/15,True,987,985
12mzg7,Morning-Chub,46115,103457,153660,06/11/16,True,263,886
c4x09,hankhillforprez,29508,148855,179279,23/06/13,True,596,945
l20d4,nt337,131700,37805,170017,30/01/15,True,0,0
ajqsr37,photonmarchrhopi,7145,730,7885,14/08/17,True,13,245
5ikkz,PoppinKREAM,179848,2445922,2667483,14/07/11,True,194,995
515k3,Last_Jedi,34553,171888,206670,29/03/11,True,996,999
99d2g,ssnistfajen,31240,107513,139811,10/10/12,True,173,1000
85j6s,FreedomsPower,748165,100792,855946,27/06/12,True,1000,1000
afk4t,Handicapreader,1861023,248529,2121033,31/01/13,True,458,555
fpxd4,maybesaydie,1334137,1082683,2482416,16/03/14,True,724,996
e7va4,abrownn,131167,40747,174995,05/12/13,True,601,788
s4wk4,slakmehl,1934623,2542524,4482780,17/11/15,True,991,998
n3ppn,MisterMysterios,16923,293546,312389,24/04/15,True,216,1000
6k1b12r,Petrichordates,2717,371943,375473,09/07/17,True,3,999
bwz8k,IsNotACleverMan,14724,176437,191321,03/06/13,True,135,1000
c9ovr,UGMadness,425374,259936,714873,05/07/13,True,786,982
eb0zf,L_Cranston_Shadow,23638,119048,144108,10/12/13,True,0,0
4sw5l,Benocrates,7243,166275,174603,04/02/11,True,67,999
nsjm4,valuingvulturefix,26282,715,32977,29/05/15,True,34,87
j4zqy,whistleridge,36531,321027,371521,31/10/14,True,265,1000
a4ltv,Tetizeraz,176369,197024,398731,06/01/13,True,935,994
79ial,ontrack,29541,336832,372214,25/03/12,True,217,1000
4n2h3,SecureThruObscure,238,103204,112047,20/12/10,True,97,968
fxbn6,AdClemson,25678,365496,391582,31/03/14,True,170,996
t8cjd,jman005,26672,4293,31180,25/12/15,True,346,985
evi5r,muffpatty,8496,105284,114455,18/01/14,True,95,1000
r0w97q1,FLAlex111,48693,3989,72170,04/02/18,True,416,899
amxze,AkaashMaharaj,22390,11821,53944,17/02/13,True,886,623
d2kpf,TitusRex,30492,82350,118231,09/09/13,True,414,996
1t8hcggp,noplats,26,4562,8041,05/01/19,True,23,982
gx1fs,untamedlazyeye,183333,185816,384895,09/06/14,True,371,891
a8id3,LargeSnorlax,31690,649757,698598,15/01/13,True,138,1000
6lya6,p00rleno,601,24156,24792,07/01/12,True,99,486
gy8cu,Cahootie,69826,375354,449435,12/06/14,True,415,994
npldz,Vayatir,32336,198524,234369,25/05/15,True,234,975
9dchy,RawStanky,56622,39214,102614,21/10/12,True,468,681
4ihrvp9d,PankoKing,39161,51211,102367,03/09/19,True,414,993
8kqb2,molenzwiebel,494085,21564,528658,06/08/12,True,406,666
gf0je,topCyder,14418,37178,51864,03/05/14,True,193,507
4hac12k,RocketGrabber,21,8,29,18/06/17,True,2,999
5c9xbxcg,Molediver,66205,-15,67977,31/12/19,True,49,1000
evuj5,SNSDave,5001,271330,278029,19/01/14,True,137,1000
10sbsd,ahritina,83935,356342,446504,22/08/16,True,688,998
13dxe2,Ronizu,14403,42121,57465,07/12/16,True,118,992
8um9c,Makiavelzx,3208,15220,18613,30/08/12,True,61,889
aislj,Alkser,4417,12218,16820,08/02/13,True,49,820
129vcd,StarGaurdianBard,17368,355955,375797,20/10/16,True,76,999
n7hl8jdz,SlytherinSnoo,529,593,1846,16/05/22,True,27,86
6vrre,JonLuca,398279,53053,461447,09/02/12,True,784,916
elp6n,Damnthatsinteresting,3029,2,3269,01/01/14,True,2,1
1hi1d1wz,LydiaAgain,80025,110476,215745,01/06/18,True,211,991
4dopx093,metisdesigns,1371,172494,183803,02/09/19,True,81,1000
4d9bls1w,Warfiend138,405,42967,43980,15/08/19,True,21,1000
5jclb,Leering,25646,29715,62177,19/07/11,True,55,935
4rtek,ArrowheadGS,1367,3256,4623,27/01/11,True,96,1000
gxmam,SpitzerFX,15771,17444,34419,10/06/14,True,190,993
6ghxs27o,TheBaskinator,70,111,181,15/05/20,True,8,72
67x7szm,AH_ForeverAPeon,914,4443,5357,06/07/17,True,2,90
pz73z,cryptic-fox,197093,95911,301890,30/08/15,True,301,1000
13rjpw60,SovietMarma,21235,24865,46324,13/06/19,True,97,996
76kk3,stickimage,5529,16732,22316,15/03/12,True,123,993
8ozhm,OmegaXesis,26380,98110,128270,16/08/12,True,203,998
4hq3mtlu,imagamer6669,113,41,154,02/03/20,True,9,39
85va0886,swat_08,917450,13580,1021125,20/09/20,True,843,929
bdthneg5,Thryloz,6006399,17867,6463987,06/04/21,True,998,894
1697v,hot,1306734,32869,1439680,23/02/07,True,866,987
ufatyl4q,aintnowaylilbro,1,0,7282,29/12/22,True,0,0
aj637pjyk,SpamSentinel,1,1,2,03/05/23,True,1001,1000
6wo9wpea,DuplicateDestroyer,178,84,340,12/06/20,True,8,1000
lzothrg3,Aspect-Infinity,468,1934,2688,15/04/22,True,37,1000
h5gzmew0,itsHoust,276508,143437,421394,27/01/22,True,496,982
ogzf8fhz,HelpfulJanitor,1,0,1,11/06/22,True,2,282
ivj4ek5rf,Used-macbook,55224,25689,81458,02/09/23,True,211,994
4qn94g5t,PovoRetare,141360,72504,217224,06/10/19,True,751,991
1w4j5ti,chaos_a,44616,13043,74416,23/05/17,True,115,768
fbhst,Not_An_Ambulance,41833,214090,260219,17/02/14,True,531,956
2tyo6tq,Umbresp,110167,37920,149959,22/07/17,True,754,957
2snrckdk,Blank-Cheque,50082,7622,74919,16/12/18,True,524,869
77zyvbzs,Flair_Helper,37,431,4677,09/07/20,True,3,1000
5d4bc2st,TheLegendOfMiu,3586,2656,6749,03/01/20,True,87,929
1yhce228,ChampJamie153,7877,52695,67411,11/08/18,True,86,1000
kvloo,EvilDavid0826,27222,47211,74619,22/01/15,True,135,999
2mnzfiix,iTwalkers,9816,2090,12196,22/11/18,True,121,995
1o1uecpd,Ginters17,7365,10318,19354,28/06/18,True,60,999
mm4sc,HammBerger3,21086,20819,44772,31/03/15,True,227,942
9xgkiz3,Woofers_MacBarkFloof,201111,197261,403172,15/08/17,True,61,910
hsu0n,pardon_the_mess,41612,52910,94986,09/08/14,True,988,997
jf2mxz2a,Pure_Owl1,1423,576,2314,06/02/22,True,10,461
e31p0,Merari01,177114,503411,1236067,26/11/13,True,438,689
e61fcf8k,AsherFennec,228602,12054,264432,27/08/21,True,7,8
a46gy,ddftgr2a,9682,6882,17762,05/01/13,True,526,990
dxcs6z7d,strikingsubsidy27,2357,604,2994,15/08/21,True,30,222
3t1f1o7x,Randomperson0012,6219,26271,32649,20/05/19,True,42,996
jjf9k9kjk,lmaodaniel,1,0,2006,12/09/23,True,0,0
6oo2e,ARoyaleWithCheese,140651,173170,326808,17/01/12,True,644,968
4fm6q9ju,sled603,3059,6542,13702,23/08/19,True,18,230
1d0fjpf3,f0rkster,31121,16971,54430,13/05/18,True,234,945
h82qy,Ghost_Animator,2313298,126590,2450839,02/07/14,True,965,989
p2ty0,Ghost_Animator_2,105988,493,106949,25/07/15,True,257,46
gg5le,Sumit316,8074846,3094409,11286589,06/05/14,True,988,940
p8gjay9,sezar4321,6764164,88111,6858055,22/12/17,True,5,90
6koz90qd,ameen__shaikh,1386639,33820,1621003,25/05/20,True,562,961
ey1tb3se,AJ6T9,158587,18771,205835,29/09/21,True,0,979
59pbs96l,My_Memes_Will_Cure_U,28609513,50122,30172958,20/12/19,True,997,973
clrh9r6k,Cyber_Being_,2652400,254265,3068944,08/06/21,True,961,966
3pjww,lughnasadh,1401033,198600,1618565,05/11/09,True,957,965
9ar1j,n4noNuclei,5762,5099,10861,14/10/12,True,29,928
5hqm0,Sirisian,5213,105524,111174,09/07/11,True,291,996
wqhdtd2,V2O5,382252,8259,391224,12/02/18,True,999,942
2s0zxpqy,LatterStop,1022,2954,3976,13/12/18,True,66,934
izu54,TechGuyGuru,2098,8048,10576,22/10/14,True,4,35
5fa27tz2,AwesomeLowlander,5066,39065,45170,11/01/20,True,139,992
hozm7,ReturnedAndReported,37385,93561,132357,02/08/14,True,331,988
bi2we,victim_of_technology,6555,71291,78582,29/04/13,True,780,969
5mvakhgi,Give_me_the_science,32571,61373,108378,08/02/20,True,696,975
i0sut,FuturologyModTeam,7783,3937,12067,23/08/14,True,17,54
1ssumbom,thisdodobird,77771,31443,111999,18/07/18,True,24,572
e91uoi3m,LunarOlympian,482,301,1265,31/08/21,True,38,55
9khgmg0,Freak5_5,15090,21403,41186,15/09/18,True,225,991
4yg5g72w,Fluffy_Friends,4769,1694,6536,05/11/19,True,72,671
g9joh,dreamweavur,22030,58088,82029,23/04/14,True,70,682
a508r,lordvadr,8299,56464,66149,07/01/13,True,123,954
eliujnuq,Leprechan_Sushi,21058,3128,24452,17/09/21,True,54,989
11agbw,Duende555,1757,26064,30081,09/09/16,True,98,999
qopjx,thegrowls,62500,9129,73493,23/09/15,True,161,396
3flyghzu,esprit-de-lescalier,277395,169338,451274,18/03/19,True,0,0
betlx,Lucy-K,361,8775,9312,22/04/13,True,114,982
eb5sspyh,BousWakebo,362132,33610,401837,03/09/21,True,643,356
2uxto,nacorom,104650,11103,116400,29/09/07,True,152,151
a0vbxgvv,vom2r750,1024,3483,4550,27/01/21,True,45,1000
14l7w8,jens56004,10774,4452,15649,19/01/17,True,354,993
54tg2vyx,GMazinga,75,1425,1515,01/12/19,True,5,94
10ixuj,Rcomian,1173,56024,57731,15/08/16,True,31,755
xg2cs,Frone0910,4205,782,5298,25/04/16,True,83,371
8jcjet49,Lost_Jeweler,12,674,686,21/10/20,True,1,199
5n6yj,jeremiah256,1436,24970,37351,09/08/11,True,85,995
4epsp,girafa,85563,619881,710132,06/10/10,True,838,988
4vrqm,mi-16evil,926260,989956,1921733,23/02/11,True,987,1000
54xmx,LiteraryBoner,197899,696054,903630,23/04/11,True,820,998
ch5pf,GetFreeCash,486211,447611,944424,22/07/13,True,944,904
dh3vp,allwinter,78929,29342,117262,11/10/13,True,274,586
10xcde,-Lumos,9013,64398,73638,27/08/16,True,8,993
5lmu2,kitsandkats,15457,57838,74159,01/08/11,True,361,884
eb2ez,INTHEMIDSTOFLIONS,175637,784071,966297,10/12/13,True,843,999
4olb3,Minifig81,1686768,410706,2126534,03/01/11,True,996,1000
bob3w,SudoSudonym,1725,4913,6694,14/05/13,True,17,268
14d96e,Hary1495,140800,14053,179204,12/01/17,True,383,998
fkij1,Hope_Burns_Bright,13161,150856,164896,05/03/14,True,188,998
99e9t,The_h0bb1t,7100,45429,53045,10/10/12,True,115,992
djcjk,MoviesMod,143042,142062,291218,16/10/13,True,94,897
5h2i3ukb,Dottsterisk,4469,474966,484983,18/01/20,True,18,1000
vpmac0i9,trick-or-creep,21,29,50,26/01/23,True,1,8
5eof3,Wolvereness,578,16837,17542,21/06/11,True,28,997
a1s4w,BunyipPouch,14901490,3609894,18539196,30/12/12,True,999,1000
dyo3c,EndoveProduct,137921,66997,211532,17/11/13,True,988,1000
xzka,kjhatch,120356,46834,167203,11/01/07,True,313,917
3cyxb,Aradon,7857,15910,24007,26/01/09,True,6,2
8dpdu,reverend_green1,51337,1044627,1095964,19/07/12,True,528,927
bq0ba,motrous,64293,43487,108665,18/05/13,True,406,991
c1fas,Blue_Faced,10927,9989,21066,14/06/13,True,176,906
1t53,holyteach,11447,16301,28688,02/10/05,True,114,982
4p4gilqo,PhlogistonAster,17775,108,33370,30/09/19,True,31,40
3nfdhgr4,Stefan_undnochwas,195367,41404,242115,23/04/19,True,273,614
j7jk0,SickBurnBro,55805,730726,803912,05/11/14,True,489,1000
2pig1ivr,elhomerjas,3014,352785,363944,02/08/19,True,228,890
a2a1s,poopellar,21254,8876778,8954047,01/01/13,True,547,998
wdnyj,HiddenMafia,10038,11738,22041,13/03/16,True,47,993
zjgwm,Sevenoaken,1166,51002,52183,15/07/16,True,56,985
16jpeb,YangWenli1,115373,104963,228886,27/03/17,True,998,996
44i0tv68,Tia_is_Short,18911,30407,49785,10/07/19,True,262,1000
158om1,RedAtomic,18278,66059,85128,09/02/17,True,292,1000
65oxp3rv,atthejrr2,67274,4798,77737,08/04/20,True,268,960
3jdefo25,Your-Weird-Tortle,2171,2529,5362,04/04/19,True,124,983
dwh03pwy,truecommentor69,10303,8747,22497,13/08/21,True,142,991
aiqjjdk5,CharmingClaims,335,1831,4082,22/02/21,True,38,744
ky8tcq93,jimmyhoke,5191,70903,76795,20/03/22,True,6,243
bpilwqma,Cdave_22,111795,12391,124186,22/04/21,True,168,1000
ehe6rwx,inabeana,1452,9536,11141,20/09/17,True,49,667
5km5f,arup02,68472,264567,368347,26/07/11,True,989,999
ieh7g,PicturElements,37775,275317,316806,14/09/14,True,20,882
7tzgk,l0ve2h8urbs,38253,89273,127577,28/05/12,True,311,997
4xpnf,wafflesareforever,65225,749917,820515,08/03/11,True,721,1000
cbi0m,Renegade_Meister,302674,229656,534134,09/07/13,True,946,1000
ibynb,BANGEXPLOSIVE,12597,2145,14762,10/09/14,True,69,340
yrkcu,infuriatedMods,7,874,881,15/06/16,True,1,59
ktn38,Hilltopchill,485923,31034,540763,19/01/15,True,320,917
11gleg,iNeverQuiteWas,109737,37827,148123,16/09/16,True,192,887
4rzdy6j0,UnreadyIce,285122,15454,332850,11/10/19,True,163,859
13zvhk,ParliamentOfCraters,8104,30487,38591,30/12/16,True,5,50
s4swd0dv,Luv-Alyssa,742,464,1239,02/09/22,True,20,332
rvb63,sidshembekar,1946830,105161,2086713,09/11/15,True,2,80
mk8wrhx2,Camo_Rebel,44331,30691,78801,30/04/22,True,646,965
a1bd3e8v,Working-Ad-7299,2634,2752,5571,28/01/21,True,64,496
b5s3dm5e,aDrunkSailor82,19933,75089,100814,26/03/21,True,135,1000
7ycda,firestorm_v1,3913,40397,46472,10/06/12,True,609,998
cd8r5ua,happy_bluebird,72623,102858,177343,31/08/17,True,993,1000
s14jwf2vi,automod-toggle,1,0,1,13/01/24,True,0,0
7hi8y,amnesiac7,1098179,13590,1147885,17/04/12,True,84,139
9yqiw,GetOffMyLawn_,242313,332170,590584,21/12/12,True,841,984
an5v3,thisisallme,31726,135720,172981,18/02/13,True,354,1000
8sylh,Someoneman,254259,173329,431437,27/08/12,True,986,1000
6rg6s,OrangePrototype,68286,155264,230436,26/01/12,True,152,610
br9ri,womm,24024,254001,278099,21/05/13,True,84,997
3pp6x,cupcake1713,37638,61774,119906,08/11/09,True,420,816
jdvlp,citawin,104,16811,17442,16/11/14,True,1,986
4skzmjqe,catshark16,65,7742,8238,14/10/19,True,6,840
5z23r,JeF4y,117982,218411,339246,03/10/11,True,776,998
4jwonwi4,DarkJokesMods,35,2,37,09/09/19,True,1,2
8qvxjh6u,TheBatWaffles,25411,2713,31362,03/11/20,True,65,196
3rscdac,stephaniehstn,16330,4744,25778,11/06/17,True,268,973
1qte5db4,PlenitudeOpulence,5101905,84396,5431546,10/07/18,True,1001,974
tmlas,Kumquat_conniption,16247,256861,286267,09/01/16,True,39,992
1vck,sabbah,554391,11760,585560,11/02/06,True,985,955
6792u,ohhyouknow,93843,159882,318972,07/11/11,True,653,942
b7z1d,zensins,9626,76698,87385,06/04/13,True,434,965
bgrbk,M-A-S-C,18516,67662,87137,26/04/13,True,73,0
3lg96l93,F4T4-M0RG4N4,23504,38711,75270,13/04/19,True,8,640
m9unfro,olivesoneverything,1865,888,2753,17/01/18,True,19,161
6hhy9o8i,Averagely_great2,152,2811,2963,15/05/20,True,9,134
pk6q4nw,1080pfullhd-60fps,262,27496,28998,25/12/17,True,23,981
1f8280v2,CuriosityBoie,8267,14757,26392,04/11/18,True,3,681
1wwy5i9u,NiesomVysoky,78664,21005,105465,03/08/18,True,62,957
4ag51xr1,shampoo_and_dick,1539859,559939,2128200,02/08/19,True,116,911
87ce85gv,voicedm,124244,18049,159939,23/09/20,True,4,53
45zmxciy,ArmadilloDays,149520,409615,570048,16/07/19,True,840,998
iq4w9t93j,modmail-userinfo,1,0,1,31/08/23,False,0,0
cp5cmcyml,mobile-links,1,0,1,04/06/23,False,0,0
6ir27,Lodurr8,5935,12776,20203,27/12/11,True,220,1000
wkio8ow23,BlueberryBubblyBuzz,1,2538,2539,20/03/24,True,0,378
amvngbo,Jenn_There_Done_That,125504,228905,360029,15/08/17,True,825,992
3wz2zb6w,EpitaFelis,21912,356588,383859,09/06/19,True,368,1000
7trwptdn,NoelaniSpell,399676,47683,509158,30/01/21,True,986,993
1q30,Blissfull,4745,17539,22754,19/12/05,True,158,990
1071hr,dottiemommy,422780,21306,456881,06/08/16,True,906,727
5aqmviqv,lordairbus,3019,2714,6232,25/12/19,True,12,122
sisqn,stuffed02,123113,8150,132896,29/11/15,True,718,858
39ng1,adzm,4779,25282,30267,13/10/08,True,107,996
255lg,iamdeirdre,13664,7033,31662,10/07/07,True,848,597
2ul94cfk,Jennyreviews1,15886,108611,131061,24/12/18,True,29,20
4020lz4n,Shrek_Wazowski_420,205,6489,9080,23/06/19,True,9,729
37v1la2k,Pekeel,1256,6013,11766,14/02/19,True,10,937
6xkmtgmo,VanCityCatDad,10251,3690,14489,15/06/20,True,59,869
ngrm4vx3,bluegreybird123,1,0,1,22/05/22,True,0,1
akr1qfm,Bee-rexx,45993,6750,54702,15/08/17,True,314,658
8ummh4yp,SuperBeavers1,2120,27392,30229,11/11/20,True,101,1000
ko310,sweatycat,41047,107400,159089,12/01/15,True,264,994
363h8izs,BombeBon,381,65820,72829,26/02/19,True,12,1000
eth9u,wolf805,30012,17766,60701,15/01/14,True,554,978
ce6f,gschizas,20605,71879,100317,05/08/06,True,681,889
den0g,robbit42,40410,11462,51890,06/10/13,True,177,819
36cmq,metaleks,2931,15676,18912,20/06/08,True,80,722
4u6po,live_free,20972,36441,57638,13/02/11,True,102,974
ba2bv,GrumpyFinn,143026,128648,275573,11/04/13,True,965,987
cbz7z,MarktpLatz,96554,244262,357464,10/07/13,True,682,996
gp6gs,Greekball,36744,142105,183294,24/05/14,True,173,998
8uek6,rEvolutionTU,12988,94682,107850,30/08/12,True,155,831
7b6qg,BkkGrl,248013,230959,481216,30/03/12,True,964,1000
5hsha,SlyScorpion,106357,348159,455076,10/07/11,True,998,1000
do4au,EtKEnn,2695,4063,6876,27/10/13,True,67,947
qqdjc,Sarnecka,2678,47691,50731,25/09/15,True,111,999
kg7xn,EggCouncilCreeper,44823,112355,171915,01/01/15,True,713,961
177rbz,Svhmj,89981,135084,225421,19/04/17,True,111,993
rzvky,TheItalianDonkey,21240,18536,40382,13/11/15,True,478,982
hj89c,KvalitetstidEnsam,13398,85655,99465,23/07/14,True,138,988
ojkhp,ModeratorsOfEurope,19333,0,20973,04/07/15,True,123,9
ft02a,pothkan,69653,327550,401282,22/03/14,True,981,1000
7pbe1,SkyPL,33446,131373,165537,12/05/12,True,191,996
b39zf5mh,ModsOfEurope,1,0,51,23/03/21,True,0,2
3iln9,ftjlster,12284,212967,232090,17/06/09,True,354,999
bug1t,H0agh,66257,450138,517451,29/05/13,True,432,993
hkfrqqf,BelFarRod,18504,35517,55308,16/10/17,True,106,999
7xi0ljtp,stupidmofo123,362,12891,13412,01/09/20,True,32,967
dhd47,Katsuro_Naginata,495,4663,6261,12/10/13,True,37,993
bzq2h,Canadianman22,15613,152163,171641,10/06/13,True,223,998
4df41,Pudie,19356,96179,115611,24/09/10,True,941,991
3jd13,kondron,6935,14028,21522,06/07/09,True,248,998
ah97l,kentucky210,120452,160320,284842,04/02/13,True,930,986
p1z5r,WredditMod,140788,-100,150118,24/07/15,True,999,202
lyvgk,Coldcoffees,374149,527515,931085,07/03/15,True,977,985
6skb6,theirishembassy,23668,185483,216097,30/01/12,True,227,996
fxoiq,Darren716,129723,76942,208905,31/03/14,True,996,986
athrc,IrishLaaaaaaaaad,62849,52283,119921,04/03/13,True,980,1000
yt2p9,FriedEggg,40254,250919,330559,17/06/16,True,804,994
4wp85,Strike_Gently,3060626,681461,3786904,01/03/11,True,994,999
497t6,gloomchen,36489,40751,78764,15/08/10,True,454,888
5dvvo,inmynothing,24894,235587,260859,16/06/11,True,484,980
qtzotld,Chelseablue1896,47351,90753,139002,20/01/20,True,367,1000
l1gjpoj,AgentSk1nner,3729,27213,34767,15/11/17,True,45,1000
ayilamio,GilbertVonGilbert,1890,19682,21748,16/03/21,True,67,957
afukn,AKittyCat,20241,883262,908604,01/02/13,True,10,33
bfnrj,Beyonder_94,22788,32664,55735,23/04/13,True,230,942
hfo2g,eminemcrony,58466,58549,120130,16/07/14,True,381,982
iqsg6,GallowBoob,35722384,1110707,36918062,07/10/14,True,991,971
79cyxmur,Nugget_MacChicken,137615,101971,319146,13/07/20,True,108,874
ig6ew893,NO_Karma4U,1,0,1,10/01/22,True,1,0
e8xyu7qw,Benji_Rock,430,1780,3405,31/08/21,True,98,241
2uq75s5r,loopypaladin,45381,31750,79055,24/12/18,True,177,998
2gm3262o,Nailfoot1975,1501,254344,264389,27/07/20,True,140,845
5cplm,dude-O-rama,237220,780443,1026681,09/06/11,True,524,1000
c68xfn7b,TheOnlyVibemaster,134573,57474,206151,30/05/21,True,718,998
2ov0buoy,LengthyPole,9332,83148,105961,29/11/18,True,208,995
bwwe5,Altrissa,56898,37144,113568,03/06/13,True,174,1000
3tsmfu40,PeterExplainsTheJoke,140850,390663,536515,24/05/19,True,74,993
3v2p7sln,KakyoinExplainsIt,163545,186565,350523,30/05/19,True,412,990
1hd604s4,Larkeyyy,75666,44704,120845,12/12/18,True,499,958
vnyvz7ux,UnfortunateSplendor,108,307,415,22/01/23,True,29,95
vfj6yki0,olive12108,265,5179,5444,20/02/23,True,24,376
73tt8810,Certain_Suit_1905,59530,152567,213406,12/10/20,True,992,1000
57nm6xr7,dgugfjjfhif,5855,3845,10281,12/12/19,True,270,993
7h3z8hyp,JIFXW2C3QTG5,9102,44014,56253,29/07/20,True,0,9
553g9,juitar,2839,25463,28365,24/04/11,True,363,999
9ck8e,GabbiKat,60488,21014,84270,18/10/12,True,536,997
4bxi11t9,DaFunkJunkie,16084732,107875,16825600,08/08/19,True,1001,996
ssid0,BaphometsDaughter,19531,4399,24632,09/12/15,True,51,920
vfugf5cl,SirRobotDeNiro,3388,-1,3387,06/01/23,True,872,5
6bj41,greatyellowshark,150767,6939,159358,26/11/11,True,993,991
tr57h,GuacamoleFanatic,2069807,104494,2179598,13/01/16,True,911,787
7kc0qs4p,AlphaBravoGolfTango,8068,5384,24362,05/08/20,True,113,853
77zyvbzs,Flair_Helper,37,431,4677,09/07/20,True,3,1000
xlz49,just-a-traveler,518844,129356,653630,01/05/16,True,926,992
iba1n,Phooey640,429276,11522,446520,08/09/14,True,991,384
13tymd,Riverat627,146996,40978,189550,24/12/16,True,978,1000
4m6zl423,Chasith,2178385,165152,2687388,18/09/19,True,988,928
fvr5n,BlogSpammr,9375,176805,192996,27/03/14,True,8,936
7cps8,T_Dumbsford,118961,47714,166693,04/04/12,True,569,461
3rtpv,kjoneslol,66099,33027,99318,14/12/09,True,325,854
g8vpp,publicmodlogs,2,0,2,22/04/14,True,5,0
5nmvl,sickboy_94,202113,4211,206337,12/08/11,True,871,811
97x00,tara1,186294,14009,204166,05/10/12,True,982,994
e31p0,Merari01,177114,503411,1236067,26/11/13,True,438,689
d86cgxu,JerryfromTomandJerry,1031565,25086,1056717,09/09/17,True,902,966
4zk0g,RalphiesBoogers,476601,646772,1125899,20/03/11,True,887,918
gpfxn91d,HSpamSlayer,1390,0,1483,19/11/21,True,176,996
22lsx0wu,ISTJScorpio95,69010,4268,75122,27/08/18,True,895,953
fpxd4,maybesaydie,1334348,1082695,2482639,16/03/14,True,725,996
q5aen,N3DSdude,133703,24982,214567,04/09/15,True,967,881
14018z,GreekAlphabetSoup,208294,151315,384602,30/12/16,True,987,1000
cu3ni,madazzahatter,6468745,169689,6656860,20/08/13,True,995,753
1rrfa628,honolulu_oahu_mod,1297053,11002,1363056,14/07/18,True,995,878
b5izioix,808gecko808,536804,4636,588220,26/03/21,True,999,785
l20d4,nt337,131700,37805,170017,30/01/15,True,0,0
lewywrh4,MasDomV2,1037,287,1442,01/04/22,True,6,12
4p1i8,GeneralMakaveli,58445,63248,124378,06/01/11,True,94,41
18arl,Vailhem,606936,11252,623075,06/03/07,True,808,757
pfn1,davidreiss666,2726412,291665,3021641,04/11/06,True,931,980
avd0hk7,RickSpanish,354369,3117,363650,17/08/17,True,36,85
81vyw,justcool393,80921,176972,301688,19/06/12,True,90,557
v54qw,itscalledunicode,18114,3457,21571,16/02/16,True,2,1
2tyo6tq,Umbresp,110167,37920,149959,22/07/17,True,754,957
4ehgf,igloouk,37975,882,54023,04/10/10,True,998,990
69cm1f3w,footy3sports,62,36,113,20/04/20,True,5,5
16kqe04h,Maxwell-95,10663,3262,19341,12/04/18,True,942,967
lydf,ani625,2114560,2447117,4577038,13/10/06,True,942,852
4nuoi,Anenome5,399156,120181,524208,28/12/10,True,999,1000
kxhqa,amici_ursi,69624,21519,92436,24/01/15,True,362,997
1ge8wfq,SlovenianCat,54586,17625,72491,11/06/17,True,208,211
10hoqs,zippee100,66071,65082,136406,14/08/16,True,362,990
gzpmec,TheSentinel_14,3,0,3,06/05/17,True,0,0
95gy4,thecriclover99,53233,19644,78432,28/09/12,True,988,994
6cgey,Myrandall,5695719,566187,6297609,30/11/11,True,1000,1000
ksku7vlj,My_Own_World_333,102781,17,102901,16/03/22,True,994,51
56iaa,Lol33ta,21925070,255050,22984329,02/05/11,True,1001,1000
l8z3zjfq,eagleclaw901,1212688,2093,1228615,28/03/22,True,973,162
6ykom,TreKs,1236050,89049,1506264,18/02/12,True,526,946
678dhud3,TheReposterminator,1,5535,5574,13/04/20,True,5,1000
13d9c7,Holofan4life,12385375,328322,12842579,06/12/16,True,1004,1000
k84u1,Derf_Jagged,15721,85536,102703,20/12/14,True,955,987
4jkxh,Kevinhood11,37045,5216,42261,21/11/10,True,457,712
39t926wd,WildVirtue,9262,2279,11882,21/02/19,True,934,987
87nbe,Musicmantobes,273259,225724,499252,03/07/12,True,923,1000
7jj8uhqq,QualityVote,1,40191,60740,03/08/20,True,0,998
a6tkq,Pissmittens,73684,10556,84749,11/01/13,True,169,926
hqh7s,TheLostCrusader,348193,5281,353507,05/08/14,True,919,953
isvm6q1w,Notamod2112,408708,3040,429801,19/01/22,True,1002,983
4xaz0,funkalunatic,118344,80427,201551,05/03/11,True,966,998
xcql2,Sunkisty,83327,24657,118212,21/04/16,True,285,974
lpjd6so6,IshkahYT,399,94,493,08/04/22,True,28,28
ayarh,rarchives,5,82326,82331,15/03/13,True,2,568
6k0ka,StellarTabi,82722,119115,202112,31/12/11,True,862,972
qawslh8t,Avizie,36068,1294,41949,21/07/22,True,992,997
qwkfl,Strongbow85,387815,26119,422080,02/10/15,True,1000,990
n1d62m0l,Bang_Bang_Mod,161,416,1228,12/05/22,True,22,1000
9w29q,BigMurph26,566515,82126,651563,14/12/12,True,768,170
3ku20,agentlame,10137,152967,163139,07/08/09,True,363,991
6g9j77a,Ezuag,1997,955,3261,08/07/17,True,103,407
y0cum,GrassrootsMod,2,0,2,17/05/16,True,1,0
n8slo,SDR_TX,180452,6549,189128,02/05/15,True,46,999
7gviw,-dmitry,5,41,46,16/04/12,True,106,14
6pwjr,PornOverlord,11856,1100,12956,21/01/12,True,1,999
59av02ap,shyphoebs,2714251,8365,2814756,19/12/19,True,159,1000
j6ekatu6,DangerZone69x,7253,19,7843,30/01/22,True,48,22
5kkj,cojoco,242510,375346,621666,08/05/06,True,985,996
3qwfs,Jaraxo,78178,352828,433208,29/11/09,True,728,1000
bp6rg,PM_ME_YOUR_TITS_GIRL,244466,305978,551279,16/05/13,True,397,227
12elra,AutoNewsAdmin,323204,10,329592,26/10/16,True,1000,102
13kchot7,ImoutoCompAlex,39252,14334,56816,26/03/18,True,766,987
unwh5,SEO_Nuke,259,5,264,11/02/16,True,0,0
7xhmm,stengebt,1009111,765259,1775501,07/06/12,True,964,569
11eas5,BasedOnAir,1087336,155240,1260604,14/09/16,True,2,4
3v7e7,hero0fwar,2459620,470902,2976411,04/02/10,True,982,984
b96b7,Delivers-Source,290,2737,3254,09/04/13,True,20,813
